subject,file,year,session,question,page,marks,matched,question_text,mark_scheme_answer
biology,0610_m18_qp_52.pdf,2018,Feb/Mar,2(c),4,4,sources of error,"One way of improving the method used in this investigation would be to repeat it a number of times. Identify two other sources of error in this investigation. For each error, suggest an improvement to minimise the effect of the error. error 1 improvement 1 error 2 improvement 2 [4]","2(c)(i): suitable health comment ; suitable environment for exercise ; 1 mp2 e.g. water, level surface, footwear, first aid kit, avoid extreme weather conditions | 2(c)(ii): gender (of subjects) ; fitness / health (of subjects) ; age (of subjects) ; speed of, exercise / running ; running surface ; (named) environmental condition ; preparation / resting time (before and / or between runs) ; time interval / point after exercise, used to determine breathing rate; 2 A breathing rate to return to resting rate | 2(c)(iii): running time ; 1"
biology,0610_m18_qp_62.pdf,2018,Feb/Mar,2(c),4,4,sources of error,"One way of improving the method used in this investigation would be to repeat it a number of times. Identify two other sources of error in this investigation. For each error, suggest an improvement to minimise the effect of the error. error 1 improvement 1 error 2 improvement 2 [4]","2(c)(i): suitable health comment ; suitable environment for exercise ; 1 mp2 e.g. water, level surface, footwear, first aid kit, avoid extreme weather conditions | 2(c)(ii): gender (of subjects) ; fitness / health (of subjects) ; age (of subjects) ; speed of, exercise / running ; running surface ; (named) environmental condition ; preparation / resting time (before and / or between runs) ; time interval / point after exercise, used to determine breathing rate ; 2 A breathing rate to return to resting rate | 2(c)(iii): running time ; 1"
biology,0610_m19_qp_52.pdf,2019,Feb/Mar,1(a)(iii),4,2,source of error,Identify one source of error in step 4 and explain how it might affect the results. error explanation [2],using same / only one (unwashed) glass rod in each solution ; idea of contamination ; OR stirring will not happen at same intervals in each solution ; some have a longer soaking time ; OR inconsistent use of rod ; uneven removal of stain ; 2
biology,0610_m19_qp_62.pdf,2019,Feb/Mar,1(a)(iv),3,2,source of error,Identify one source of error in step 4 and explain how it might affect the results. error explanation [2],using same / only one (unwashed) glass rod in each solution ; idea of contamination ; OR stirring will not happen at same intervals in each solution ; some have a longer soaking time ; OR inconsistent use of rod ; uneven removal of stain ; 2
biology,0610_m20_qp_52.pdf,2020,Feb/Mar,1(a)(iv),3,2,source of error,Identify one possible source of error in step 4 and step 7. Suggest a piece of apparatus that could be used to reduce this error. error apparatus [2],error volume (of water was not stated) / AW ; apparatus measuring cylinder / syringe / (graduated) pipette / burette ; OR error idea that temperature would change over time ; apparatus (named) insulating material / lid ; error idea that timing of the samples would vary ; apparatus use separate stop clocks to time individually ; named correct equipment matching an error from a different step in the procedure ; 2 A (thermostatically) controlled water-bath
biology,0610_m20_qp_52.pdf,2020,Feb/Mar,2(ii),4,2,Suggest two ways in which the method described in 1(b) is an improvement on the method,Suggest two ways in which the method described in 1(b) is an improvement on the method that you used in 1(a). 1 2 [2],
biology,0610_m20_qp_62.pdf,2020,Feb/Mar,1(a)(iv),4,2,source of error,Identify one possible source of error in step 3. Suggest a piece of apparatus that could be used to reduce this error. error apparatus [2],error volume (of water was not stated) / AW ; apparatus measuring cylinder / syringe / (graduated) pipette / burette ; OR error temperature would change over time ; apparatus (named) insulating material / lid ; named correct equipment matching an error from a different step in the procedure ; 2 A (thermostatically) controlled water-bath
biology,0610_m20_qp_62.pdf,2020,Feb/Mar,2(b)(ii),6,2,Suggest two ways in which the method described in 1(b) is an improvement to the method,Suggest two ways in which the method described in 1(b) is an improvement to the method used in 1(a). 1 2 [2],replace beetroot juice with (same volume of) water ; 1 A no beetroot juice
biology,0610_m21_qp_52.pdf,2021,Feb/Mar,1(b),5,2,source of error / source of error,(i) One syringe was used for both step 2 and step 6. This is a source of error. Explain why this was a source of error and how this could have affected the results. error effect on the results [2],1(b)(i): error: idea of contamination ; effect: the distilled water distance is greater than expected / there is less difference between S and DW / AW ; 2 | 1(b)(ii): to identify anomalous results / to calculate an average ; 1
biology,0610_m23_qp_52.pdf,2023,Feb/Mar,5(a)(iv),4,1,source of error,Identify one possible source of error in step 8. [1],
biology,0610_m23_qp_52.pdf,2023,Feb/Mar,5(a)(vi),4,1,source of error,Your measurements in 1(a)(i) may suggest that the temperature of the water during the investigation was a source of error. Suggest an improvement to reduce this type of error. [1],
biology,0610_m23_qp_62.pdf,2023,Feb/Mar,1(a)(iv),5,1,source of error,Identify one possible source of error in step 8. [1],"differences in (the volume / concentration of) dye in the cylinders / differences in, rinsing / soaking / AW ; differences in, length of the (potato) cylinders ; 1"
biology,0610_m23_qp_62.pdf,2023,Feb/Mar,1(a)(vi),5,1,source of error,The readings on the thermometer in Fig. 1.2 show that the maintenance of the temperature of the water during the investigation was a source of error. Suggest an improvement to reduce this error. [1],use of a thermostatically controlled water-bath / method of maintaining temperature in a water-bath described ; 1
biology,0610_m25_qp_52.pdf,2025,Feb/Mar,4(v),5,2,source of error,Identify the possible source of error present in steps 2 and 3. State the effect of this error on the results of the investigation. error effect on the results [2],
biology,0610_m25_qp_62.pdf,2025,Feb/Mar,4(v),4,2,source of error,Identify the possible source of error present in steps 2 and 3. State the effect of this error on the results of the investigation. error effect on the results [2],
biology,0610_m26_qp_52.pdf,2026,Feb/Mar,2(vi),5,4,sources of error,Identify two possible sources of error present in steps 7 to 10 of this investigation. Suggest an improvement for each of the errors that you have identified. error 1 improvement 1 error 2 improvement 2 [4],
biology,0610_m26_qp_62.pdf,2026,Feb/Mar,2(vi),5,4,sources of error,Identify two possible sources of error present in this investigation. Suggest an improvement for each of the errors that you have identified. error 1 improvement 1 error 2 improvement 2 [4],
biology,0610_s18_qp_51.pdf,2018,May/Jun,2(d),4,,sources of error,Identify four sources of error in this investigation. 1 2,
biology,0610_s18_qp_61.pdf,2018,May/Jun,2(d),4,,sources of error,Identify four sources of error in this investigation. 1 2,
biology,0610_s19_qp_51.pdf,2019,May/Jun,2(ii),5,2,source of error,Identify one source of error in this investigation and suggest how the error could affect the results. error effect on results [2],
biology,0610_s19_qp_51.pdf,2019,May/Jun,2(c)(iv),14,1,more precisely the light intensity that result,The scientists want to determine more precisely the light intensity that results in the largest leaf area for species B. Suggest how the method used in the investigation could be modified to achieve this. [1] [Total: 21],measure leaf growth at a narrower range of light intensities around
biology,0610_s19_qp_52.pdf,2019,May/Jun,2(b),4,2,source of error / suggest an improvement to the method,(i) The data you have recorded in Table 1.1 may indicate that there is a source of error with the method used in this investigation. Identify the possible error and suggest an improvement to the method to reduce the effect of this error. error improvement [2],2(b)(i): 60(%) ;; 2 | 2(b)(ii): A(xes) – labelled ; pH and percentage germination S(cale) – suitable scale and plots occupy at least half the grid in both directions ; P(lot) – correct plots ± half a small square ; L(ine) – suitable line ; 4 | 2(b)(iii): percentage (germination) increases and then decreases ; peaks at pH 6 / highest percentage of (germination) is at pH 6 ; 2 A optimum at pH 6 | 2(b)(iv): (test at pH values at) smaller intervals ; between pH 5 and 7 or 5 / 6 or 6 / 7 2
biology,0610_s19_qp_52.pdf,2019,May/Jun,2(b)(ii),4,2,source of error,Identify one possible source of error in step 15 and suggest an improvement for this error. error improvement [2],A(xes) – labelled ; pH and percentage germination S(cale) – suitable scale and plots occupy at least half the grid in both directions ; P(lot) – correct plots ± half a small square ; L(ine) – suitable line ; 4
biology,0610_s19_qp_52.pdf,2019,May/Jun,10(iv),10,2,more accurate value,The student wanted to determine a more accurate value for the optimum (best) pH for the germination of seeds. Suggest further investigative work that the student should carry out. [2],
biology,0610_s19_qp_61.pdf,2019,May/Jun,2(ii),6,2,source of error,Identify one potential source of error in this investigation and suggest how the error could affect the results. error effect on results [2],
biology,0610_s19_qp_61.pdf,2019,May/Jun,2(c)(iv),14,1,more precisely the light intensity that result,The scientists want to determine more precisely the light intensity that results in the largest leaf area for species B. Suggest how the method used in the investigation could be modified to achieve this. [1] [Total: 21],measure leaf growth at a narrower range of light intensities around
biology,0610_s19_qp_62.pdf,2019,May/Jun,10(b),5,2,source of error,(i) Identify one possible source of error in step 6 and suggest an improvement for this error. error improvement [2],
biology,0610_s19_qp_62.pdf,2019,May/Jun,10(b)(ii),5,2,source of error / suggest an improvement to the method,The data you have recorded in Table 1.1 may indicate that there is a source of error with the method used in this investigation. Identify the possible error and suggest an improvement to the method to reduce the effect of this error. error improvement [2],
biology,0610_s19_qp_62.pdf,2019,May/Jun,15(iv),11,2,more accurate value,The student wanted to obtain a more accurate value for the optimum (best) pH for the germination of seeds. Suggest further investigative work that the student should carry out. [2],
biology,0610_s19_qp_63.pdf,2019,May/Jun,2(c)(vi),6,2,source of error,"The student used only one syringe to prepare the solutions in test-tubes P, Q and R in step 1. Explain why this is a potential source of error and how it could affect the results. error effect of the error [2]",2(c)(i): 105 ;; 2 | 2(c)(ii): A(xes) – labelled time / minutes and pulse rate / beats per minute or bpm ; S(cale) – suitable scale and scale that occupies at least half the grid ; P(lot) – correct plots ; L(ine) – suitable line joining points ; 4 | 2(c)(iii): indication on graph at 15 minutes ; correct value from graph ; 2 | 2(c)(iv): constant before exercise ; rises during exercise and then falls ; does not return to resting value by 18 minutes ; data quote with units ; 3
biology,0610_s21_qp_51.pdf,2021,May/Jun,1(a)(v),3,,Suggest two improvements that you could make to the method,Suggest two improvements that you could make to the method you have used in this investigation. 1,any two from: measure mass of cylinders (instead of length) ; more intermediate concentrations of sugar solution ; extend the range of concentrations used ; repeat at each concentration / replicate the investigation ; soak for longer than 20 minutes ; use warmer sugar solutions (to speed up diffusion) ; keep all at same temp ; dry cylinders before measuring ; ensure timing is the same for each test-tube ; AVP ; 2
biology,0610_s21_qp_52.pdf,2021,May/Jun,1(b)(ii),5,2,source of error / source of error,Identify one source of error in step 4 and one source of error in step 11. error in step 4 error in step 11 [2],error in step 4 use of the same measuring cylinder / measuring cylinder not washed / idea of contamination / mixture in the beaker was not stirred ; error in step 11 idea of judging when disc reaches end point is subjective / discs sticking to test tube/not floating up / idea of starting stop-clock after reaction has started / not enough time to measure the rise in discs ; 2
biology,0610_s21_qp_53.pdf,2021,May/Jun,4(b),4,2,Suggest two other improvements to the method,Repeating the investigation would improve the method used. Suggest two other improvements to the method that would allow a more accurate estimation of the concentration of vitamin C in health drink H. 1 2 [2],
biology,0610_s21_qp_53.pdf,2021,May/Jun,12(c),10,6,more accurate method,Counting bubbles is not an accurate method for measuring the volume of gas produced by a plant during photosynthesis. Plan an investigation to determine the effect of light intensity on the rate of photosynthesis. Your plan should include a more accurate method of measuring the volume of gas produced during the reaction. [6] [Total: 21],
biology,0610_s21_qp_61.pdf,2021,May/Jun,1(a)(v),3,,Suggest two improvements that you could make to the method,Suggest two improvements that you could make to the method used in this investigation. 1,any two from: measure mass of cylinders (instead of length) ; more intermediate concentrations of sugar solution ; extend the range of concentrations used ; repeat at each concentration / replicate the investigation ; soak for longer than 20 minutes ; use warmer sugar solutions (to speed up diffusion) ; keep all at the same temperature ; dry cylinders before measuring ; 2
biology,0610_s21_qp_62.pdf,2021,May/Jun,1(b)(ii),5,1,source of error,Identify one source of error in step 4. [1],use of the same measuring cylinder / idea of contamination / mixture in the beaker was not stirred ; 1
biology,0610_s21_qp_63.pdf,2021,May/Jun,1(a)(vi),4,,Suggest two improvements to the method,Suggest two improvements to the method that would allow a more precise estimation of the vitamin C concentration in health drink H. 1,"any two from: repeat the measurement for H ; use intermediate concentrations / AW ; measure the volume of DCPIP instead of drops ; use a larger volume of vitamin C / lower DCPIP concentration ; shake after adding each drop ; keep temperature constant ; AVP ; e.g. plot, results / values, on a graph and read off value for 10 drops from a line of best fit 2"
biology,0610_s21_qp_63.pdf,2021,May/Jun,12(c),10,6,more accurate method,Counting bubbles is not an accurate method for measuring the volume of gas produced by a plant during photosynthesis. Plan an investigation to determine the effect of light intensity on the rate of photosynthesis. Your plan should include a more accurate method of measuring the volume of gas produced during the reaction. [6] [Total: 21],
biology,0610_s22_qp_51.pdf,2022,May/Jun,1(c)(iii),5,2,more accurate value,The students wanted to obtain a more accurate value for the temperature at which amylase works best. Suggest further investigative work that the students should carry out. [2],test at smaller intervals of temperature ; select a narrower range of temperatures around 35 °C ; 2
biology,0610_s22_qp_52.pdf,2022,May/Jun,1(a)(v),4,2,source of error,Identify one source of error in step 10 or step 11 and suggest a suitable piece of equipment to overcome this error. error equipment [2],error: volume was not measured ; equipment: use a syringe / measuring cylinder / burette / graduated pipette ; OR error: temperature was not controlled ; equipment: use a thermostatically controlled water-bath ; 2
biology,0610_s22_qp_61.pdf,2022,May/Jun,2(c)(iii),5,2,more accurate value,The students wanted to obtain a more accurate value for the temperature at which amylase works best. Suggest further investigative work that the students should carry out. [2],"2(c)(i): 31.6(%) ;;; 3 MP1 correct selection of data from Table 2.1, i.e., 19 mm and 13 mm MP2 correct answer calculated MP3 correct rounding of answer to three significant figures ecf MP2 and MP3 from incorrect data / calculation | 2(c)(ii): axes labelled with units ; suitable even scale and plotting area occupies at least half the grid in both directions ; six points plotted accurately ± half a small square ; suitable line drawn ; 4"
biology,0610_s22_qp_62.pdf,2022,May/Jun,10(vi),5,2,source of error,Identify one source of error in step 5 or step 6 and suggest a suitable piece of equipment to overcome this error. error equipment [2],
biology,0610_s23_qp_51.pdf,2023,May/Jun,1(b),6,2,more accurate than counting bubbles. Using a gas syringe is one method,Measuring the volume of a gas is more accurate than counting bubbles. Using a gas syringe is one method of collecting and measuring a volume of gas. Fig. 1.3 shows part of the apparatus that can be used to measure the volume of a gas by a different method. Complete the diagram in Fig. 1.3 by drawing and labelling the two pieces of apparatus that are missing. bung yeast suspension container of water Fig. 1.3 [2],delivery tube drawn and labelled ; measuring cylinder inverted in water drawn and labelled ; 2
biology,0610_s23_qp_52.pdf,2023,May/Jun,2(v),5,2,sources of error,Suggest two possible sources of error in this investigation. 1 2 [2],
biology,0610_s23_qp_52.pdf,2023,May/Jun,2(vi),5,1,Suggest one improvement to the method,Suggest one improvement to the method that you used in this investigation. [1],
biology,0610_s23_qp_61.pdf,2023,May/Jun,2(b),7,2,more accurate than counting bubbles. Using a gas syringe is one method,Measuring the volume of a gas is more accurate than counting bubbles. Using a gas syringe is one method of collecting a volume of gas. Fig. 1.4 shows part of the apparatus that can be used to measure the volume of a gas by a different method. Complete the diagram in Fig. 1.4 by drawing and labelling the two pieces of apparatus that are missing. bung yeast suspension container of water Fig. 1.4 [2],"2(b)(i): mass of, carrot / cubes ; 1 | 2(b)(ii): any two from: initial, size / surface area / volume of carrot ; soaking time / AW ; drying method ; type of, plant tissue / carrot ; 2 | 2(b)(iii): idea that, extra solution / water / AW, will affect the, mass / AW ; 1 | 2(b)(iv): axes labelled with units ; suitable linear scale and data occupies at least half the grid in both directions ; six points plotted accurately  half a small square ; suitable line drawn ; 4 | 2(b)(v): answer consistent with the line on the candidate’s graph ; intercept clearly indicated on the graph ; 2 | 2(b)(vi): (–)6.25(%) ;; 2 MP1 dividing by 0.96 MP2 correct answer | 2(b)(vii): to identify anomalous results ; 1"
biology,0610_s23_qp_62.pdf,2023,May/Jun,5(vi),6,2,sources of error,Suggest two possible sources of error in this investigation. 1 2 [2],
biology,0610_s23_qp_62.pdf,2023,May/Jun,5(vii),6,1,Suggest one improvement to the method,Suggest one improvement to the method that was used in this investigation. [1],
biology,0610_s24_qp_53.pdf,2024,May/Jun,4(a)(v),4,2,source of error,Identify one possible source of error in step 8 and describe an improvement to the method that would eliminate this error. error in step 8 improvement [2],
biology,0610_s24_qp_62.pdf,2024,May/Jun,1(a)(vi),4,1,source of error,The student stated that the change in the temperature of the water‑bath was not a significant source of error in the investigation. Explain why the student was correct to state this. [1],any change in temperature would affect all three test-tubes equally / AW ; 1
biology,0610_s24_qp_63.pdf,2024,May/Jun,4(a)(v),4,2,source of error,Identify one possible source of error in step 8 and describe an improvement to the method that would eliminate this error. error in step 8 improvement [2],
biology,0610_s25_qp_51.pdf,2025,May/Jun,10(a)(iv),4,2,sources of error,"State two sources of error in the method, other than not repeating the investigation. 1 2 [2]",
biology,0610_s25_qp_52.pdf,2025,May/Jun,9(vi),5,1,source of error,Identify one source of error in this investigation. [1],
biology,0610_s25_qp_53.pdf,2025,May/Jun,1(b)(ii),4,1,more accurate method,Suggest a more accurate method of measuring the volume of oxygen gas produced. [1],use a (gas) syringe / a (upturned) measuring cylinder over water / AW ; 1
biology,0610_s25_qp_61.pdf,2025,May/Jun,10(a)(iv),4,2,Suggest two improvements to the method,Suggest two improvements to the method used for this investigation. 1 2 [2],
biology,0610_s25_qp_63.pdf,2025,May/Jun,1(b)(ii),4,1,more accurate method,Suggest a more accurate method of measuring the volume of oxygen gas produced. [1],use a (gas) syringe / a (upturned) measuring cylinder over water / AW ; 1
biology,0610_s26_qp_51.pdf,2026,May/Jun,1(a)(v),5,1,source of error,The temperature of the water in the beaker labelled hot water may have decreased during the investigation. Suggest one way of improving the method to reduce this source of error. [1],"any one from: (use a) thermostatically-controlled water-bath ; insulate ; check the temperature of water / use a thermometer, and, replace the hot water / heat ; 1 A cover with a lid / cover with foil / cover with aluminium (foil) A idea of replacing the hot water with water, at the initial temperature, with each repeat I use a thermometer unqualified / monitor temperature unqualified"
biology,0610_s26_qp_51.pdf,2026,May/Jun,1(a)(vi),5,,sources of error,State two possible sources of error for the method used in step 10. 1,"any two from: idea that shaking, (intensity / AW), may not be, consistent / AW ; idea that it is difficult to compare colours / (colours are) subjective ; idea that beetroot is still in some test-tubes but not in test-tube S ; idea that 20 seconds (between observations) is too long / AW ; 2 A mixing for shaking A observing colour change by eye (is hard to judge)"
biology,0610_s26_qp_52.pdf,2026,May/Jun,8(vi),4,2,source of error,Identify one source of error in this investigation and suggest an improvement. error improvement [2],
biology,0610_s26_qp_53.pdf,2026,May/Jun,2(vii),4,2,Suggest two improvements to the method,Suggest two improvements to the method used in this investigation. 1 2 [2],
biology,0610_s26_qp_61.pdf,2026,May/Jun,1(a)(v),6,1,source of error,The temperature of the hot water decreased during the investigation. Suggest one way of improving the method to reduce this source of error. [1],"any one from: (use a) thermostatically-controlled water-bath ; insulate ; check the temperature of water / use a thermometer, and, replace the hot water / heat ; 1 A cover with a lid / cover with foil / cover with aluminium (foil) A idea of replacing the hot water with water, at the initial temperature / 60°, with each repeat I use a thermometer unqualified / monitor temperature unqualified"
biology,0610_s26_qp_61.pdf,2026,May/Jun,1(a)(vi),6,,sources of error,State two possible sources of error for the method used in step 9. 1,"any two from: idea that shaking, (intensity / AW), may not be, consistent / AW ; idea that it is difficult to compare colours / (colours are) subjective ; idea that beetroot is still in some test-tubes but not in test-tube 1 ; 2 A mixing for shaking"
biology,0610_s26_qp_63.pdf,2026,May/Jun,2(vii),5,2,Suggest two improvements to the method,Suggest two improvements to the method used in this investigation. 1 2 [2],2: C =
biology,0610_w18_qp_51.pdf,2018,Oct/Nov,1(c)(ii),4,2,sources of error / source of error,The method used in step 12 contains two potential sources of error. State one source of error and suggest an improvement to minimise the error. error improvement [2],idea of judging colour by eye / hard to see when colour starts to change ; idea of using a white / black background / colour chart / colorimeter ; idea of colour of grape juice might make it difficult to see the colour change ; idea of using white grapes ; idea of only three concentrations to compare with ; idea of having a range of colour comparisons ; idea of observing four tubes at the same time (so miss the colour change) ; idea of measuring each separately ; idea that not enough trials are carried out ; idea that three or more trials should have been done ; 2 the error must match the improvement
biology,0610_w18_qp_51.pdf,2018,Oct/Nov,1(d),5,2,suggested that the concentration of reducing sugars in grapes changed as the grapes developed and ripened. Describe how the method,"Grapes develop in large groups attached to their parent plant. As they develop, grapes increase in size and ripen. Fig. 1.1 shows one group of grapes. Fig. 1.1 A student suggested that the concentration of reducing sugars in grapes changed as the grapes developed and ripened. Describe how the method you used in steps 3 to 12 could be modified to determine if there is a change in the concentration of reducing sugars in grapes during development. [2]",idea of taking grapes of different ages / size / AW ; idea of taking grapes from the same bunch / same group of grapes / same plant ; (testing with Benedict’s) to find time at which a colour change first appears ; 2
biology,0610_w18_qp_53.pdf,2018,Oct/Nov,3(c),4,3,sources of error,Identify three sources of error in this method. 1 2 3 [3],
biology,0610_w18_qp_61.pdf,2018,Oct/Nov,1(c)(ii),5,2,sources of error / source of error,The method used to estimate the concentration of reducing sugar in grapes contains potential sources of error. State one source of error and suggest an improvement to minimise the error. error improvement [2],idea of judging colour by eye / hard to see when colour starts to change ; idea of using a white / black background / colour chart / colorimeter ; idea of colour of grape juice might make it difficult to see the colour change ; idea of using white grapes ; idea of only three concentrations to compare with ; idea of having a range of colour comparisons ; reducing sugar in grape juice beyond the range of the standard solutions ; increase the range of standard solutions used ; idea of observing four tubes at the same time (so miss the colour change) ; idea of measuring each separately ; idea that not enough trials are carried out ; idea that three or more trials should have been done ; 2 the error must match the improvement
biology,0610_w18_qp_61.pdf,2018,Oct/Nov,1(d),7,2,suggested that the concentration of reducing sugars in grapes changed as the grapes developed and ripened. Describe how the method,"Grapes develop in large groups attached to their parent plant. As they develop, grapes increase in size and ripen. Fig. 1.3 shows one group of grapes. Fig. 1.3 A student suggested that the concentration of reducing sugars in grapes changed as the grapes developed and ripened. Describe how the method used in steps 3 to 12 could be modified to determine if there is a change in the concentration of reducing sugars in grapes during development. [2]",idea of taking grapes of different ages / size / AW ; idea of taking grapes from the same bunch / same group of grapes / same plant ; (testing with Benedict’s) to find time at which a colour change first appears ; 2
biology,0610_w18_qp_63.pdf,2018,Oct/Nov,13(c),6,3,sources of error,Identify three sources of error in this method. 1 2 3 [3],
biology,0610_w19_qp_53.pdf,2019,Oct/Nov,2(b)(ii),4,2,sources of error,Identify two other sources of error in this investigation. error 1 error 2 [2],3.0 ; µm ; 2
biology,0610_w19_qp_63.pdf,2019,Oct/Nov,2(c)(ii),5,2,source of error,Identify one other source of error in this investigation and suggest an improvement for this error. error improvement [2],axes labelled with units ; even scale and working area occupies at least half the grid in both directions + bars clearly identified ; all values plotted accurately ± half a small square ; 3
biology,0610_w20_qp_51.pdf,2020,Oct/Nov,8(b)(v),4,1,source of error,State the potential source of error in step 9. [1],
biology,0610_w20_qp_52.pdf,2020,Oct/Nov,1(b),4,2,source of error,(i) Identify one possible source of error in step 6 and describe how the method could be improved to avoid this error. error improvement [2],1(b)(i): error the dough was not accurately divided into two / AW ; improvement measure the mass / use the same mass / use a balance / scale(s) / AW (to ensure both dough sections have equal mass) ; 2 | 1(b)(ii): idea of the height of the dough at the beginning was not identical in both cups ; 1
biology,0610_w20_qp_61.pdf,2020,Oct/Nov,8(b)(vi),5,1,source of error,State the potential source of error in step 8. [1],
biology,0610_w20_qp_62.pdf,2020,Oct/Nov,1(b),6,2,source of error,(i) Identify one possible source of error in step 2 and describe how the method could be improved to avoid this error. error improvement [2],1(b)(i): error the dough was not accurately divided into two / AW ; improvement measure the mass / use the same mass / use a balance / AW (to ensure both dough sections have equal mass) ; 2 | 1(b)(ii): idea of the height of the dough at the beginning was not identical in both cups ; 1
biology,0610_w21_qp_52.pdf,2021,Oct/Nov,2(b),5,1,"more accurate, method","(i) Balloons and string were used to collect and measure the gas produced by the yeast cells. Suggest another, more accurate, method of collecting and measuring the gas. [1]","2(b)(i): (–)53(%) ;;; 3 MP1 correct data selection (118 and 55) MP2 correct calculation MP3 correct rounding to two significant figures ecf MP2 and MP3 if previous MP incorrect | 2(b)(ii): 1 axes labelled with units : wind speed / m per s AND (average) distance / m ; 2 even scale with plots occupying at least half the grid in both directions ; 3 0.0, 0.6 and 0.8 points plotted accurately for both sets of data, ± half a small square ; 4 line drawn for each data set plotted ; 5 correct key given ; 5 | 2(b)(iii): intersection with line on graph shown ; correct reading of value from graph at 0.5 ms–1 ; 2 | 2(b)(iv): add biuret (solution / reagent) ; purple / lilac / violet ; 2"
biology,0610_w21_qp_62.pdf,2021,Oct/Nov,15(b),4,1,"more accurate, method","(i) Balloons and string were used to collect and measure the gas produced by the yeast cells. Suggest another, more accurate, method of collecting and measuring the gas. [1]",
biology,0610_w21_qp_63.pdf,2021,Oct/Nov,1(a)(iii),4,1,source of error,Identify one potential source of error in this investigation. [1],"any one of: plant tissues not the same, size / mass / surface area / volume ; different starting times ; temperature may vary ; AVP ; e.g. the foam will not be level so difficult to measure height / AW, foam breaks down as it is measured 1"
biology,0610_w22_qp_51.pdf,2022,Oct/Nov,1(a)(vi),4,2,source of error / suggest an improvement to the method,Identify one possible source of error in steps 6 and 7 and suggest an improvement to the method to reduce the effect of this error. error improvement [2],"error: volume (of iodine) not directly measured / inconsistent drop size / using a (dropping) pipette ; improvement: use a syringe / use a burette / use a graduated pipette / use a measuring cylinder / measure the (iodine) volume ; or error: judgement of the endpoint / endpoint is subjective / endpoint is qualitative ; improvement: compare to a colour standard / compare to a colour chart / compare to one that had already changed colour / colorimeter ; or error: different degree of , shaking / mixing / stirring ; improvement: shake at a fixed speed / use a (mechanical) stirrer / AW ; or error: different time of , mixing / shaking ; improvement: shake / stir , for a fixed time ; 2 error must match improvement Mark Guidance"
biology,0610_w22_qp_52.pdf,2022,Oct/Nov,14(vi),6,2,more accurate value,"The students wanted to obtain a more accurate value for the pH at which the average rate of oxygen production was highest. Suggest what further investigative work the students should do. [2] [Total: 23] 2 Fig. 2.1 is a photomicrograph of a cross-section of a stalk of celery, Apium graveolens. P Q vascular bundle Fig. 2.1",
biology,0610_w22_qp_53.pdf,2022,Oct/Nov,1(a)(vii),4,2,source of error,Explain why the temperature of the water in the water-bath is a source of error. Suggest an improvement for this error. explanation improvement [2],explanation: temperature decreased / changed / A starts at different temperature to B / AW ; improvement: use a thermostatically controlled / maintained water-bath / top-up with warm water / use a Bunsen burner and check the temperature with a thermometer / insulation / lid / do test-tube A and test-tube B at the same time in same water- bath ; 2
biology,0610_w22_qp_61.pdf,2022,Oct/Nov,1(a)(vi),4,2,source of error / suggest an improvement to the method,Identify one possible source of error in steps 6 and 7 and suggest an improvement to the method to reduce the effect of this error. error improvement [2],"error: volume (of iodine) not directly measured / inconsistent drop size / using a (dropping) pipette ; improvement: use a syringe / use a burette / use a graduated pipette / use a measuring cylinder / measure the (iodine) volume ; or error: judgement of the endpoint / endpoint is subjective / endpoint is qualitative ; improvement: compare to a colour standard / compare to a colour chart / compare to one that had already changed colour / colorimeter ; or error: different degree of , shaking / mixing / stirring ; improvement: shake at a fixed speed / use a (mechanical) stirrer / AW ; or error: different time of , mixing / shaking ; improvement: shake / stir , for a fixed time ; 2 error must match improvement"
biology,0610_w22_qp_62.pdf,2022,Oct/Nov,14(vi),6,2,more accurate value,"The students wanted to obtain a more accurate value for the pH at which the average rate of oxygen production was highest. Suggest what further investigative work the students should do. [2] [Total: 23] 2 Fig. 2.1 is a photomicrograph of a cross-section of a stalk of celery, Apium graveolens. P Q vascular bundle Fig. 2.1",
biology,0610_w22_qp_63.pdf,2022,Oct/Nov,1(a)(vii),5,2,source of error,Explain why the temperature of the water in the water-bath is a source of error. Suggest an improvement for this error. explanation improvement [2],explanation: temperature decreased / changed / A starts at different temperature to B / AW ; improvement: use a thermostatically controlled / maintained water-bath / top-up with warm water / use a Bunsen burner and check the temperature with a thermometer / insulation / lid / do test-tube A and test-tube B at the same time in same water- bath ; 2
biology,0610_w23_qp_52.pdf,2023,Oct/Nov,6(b)(ii),4,1,source of error,The temperature of the water in the beakers during the investigation was a source of error. Describe how you could improve the method to reduce this error. [1] [Total: 11] 2,
biology,0610_w23_qp_53.pdf,2023,Oct/Nov,2(a)(iv),4,1,source of error,Identify one possible source of error with the method used to measure the dependent variable. [1],1 axes labelled with units to match table headers ; 2 suitable scale and occupies at least half the grid in both directions ; 3 all five plots plotted accurately  half a small square ; 4 suitable line drawn ; 4 wind speed km / hour and distance (the air bubble) moved in 5 minutes / mm
biology,0610_w23_qp_62.pdf,2023,Oct/Nov,6(b)(ii),4,1,source of error,The temperature of the water in the beakers during the investigation was a source of error. Describe how you could improve the method to reduce this error. [1],
biology,0610_w23_qp_63.pdf,2023,Oct/Nov,1(a)(v),6,1,source of error,Identify one possible source of error with the method used to measure the dependent variable. [1],"dough was, rounded / not flat / not smooth / AW ; 1"
biology,0610_w24_qp_52.pdf,2024,Oct/Nov,1(a)(iv),5,2,source of error / Suggest an improvement to the method,Identify the possible source of error present in steps 12 and 16. Suggest an improvement to the method to reduce this error. error improvement [2],"error: difficult to judge the end point / AW ; improvement: use a, colorimeter / colour standard / colour chart / compare the colour to a test-tube of chloroplast suspension with no DCPIP present ; 2"
biology,0610_w24_qp_53.pdf,2024,Oct/Nov,12(vi),12,2,Suggest two possible improvements to the method,Suggest two possible improvements to the method used in this study. 1 2 [2] [Total: 17],
biology,0610_w24_qp_62.pdf,2024,Oct/Nov,5(a)(iv),4,2,source of error / Suggest an improvement to the method,Identify the possible source of error present in step 7 and step 11. Suggest an improvement to the method to reduce this error. error improvement [2],
biology,0610_w24_qp_63.pdf,2024,Oct/Nov,12(vi),14,2,Suggest two possible improvements to the method,Suggest two possible improvements to the method used in this study. 1 2 [2] [Total: 17],
biology,0610_w25_qp_51.pdf,2025,Oct/Nov,2(c),6,2,source of error,(i) The data you have recorded in Table 1.1 may indicate that there is a source of error with the method used in this investigation. Identify the possible error and describe an improvement to the method to reduce the effect of this error. error improvement [2],;; 3 MP1 correct measurement of line AB MP2 correct calculation of actual size to any number of significant figures MP3 correct rounding to one significant figure
biology,0610_w25_qp_51.pdf,2025,Oct/Nov,2(c)(ii),6,1,Suggest an improvement to the method / source of error,"In step 9, it is difficult to determine precisely the final position of the dye in the xylem. Suggest an improvement to the method that would reduce this source of error. [1]",as the height increases the vital capacity increases / AW ; 1
biology,0610_w25_qp_52.pdf,2025,Oct/Nov,1(a)(v),5,1,source of error,Identify one possible source of error when measuring the height of the yeast suspension in step 10. [1],uneven top or bubbles / cannot put a ruler against the test-tube / parallax error / height is changing / test-tube round at the bottom / AW ; 1
biology,0610_w25_qp_53.pdf,2025,Oct/Nov,2(a)(ii),5,2,source of error / suggest an improvement to this method,State one possible source of error when measuring the dependent variable and suggest an improvement to this method of measuring. error improvement [2],error: bubbles may be different sizes / too fast to count / AW ; improvement: measure the volume ; 2
biology,0610_w25_qp_61.pdf,2025,Oct/Nov,4(c),5,2,source of error,"(i) The data you have recorded in Table 1.1 may indicate that there is a source of error with the method used in this investigation. Identify the possible error, and describe an improvement to the method to reduce the effect of this error. error improvement [2]",
biology,0610_w25_qp_61.pdf,2025,Oct/Nov,4(c)(ii),6,1,Suggest an improvement to the method / source of error,"In step 9, it is difficult to determine precisely the final position of the blue dye in the xylem. Suggest an improvement to the method that would reduce this source of error. [1]",
biology,0610_w25_qp_63.pdf,2025,Oct/Nov,2(a)(ii),5,2,source of error / suggest an improvement to this method,State one possible source of error when measuring the dependent variable and suggest an improvement to this method of measuring. error improvement [2],error: bubbles may be different sizes / too fast to count / AW ; improvement: measure the volume ; 2
chemistry,0620_m20_qp_52.pdf,2020,Feb/Mar,14(g)(i),6,1,decrease the accuracy,Why does this decrease the accuracy of the investigation? [1],
chemistry,0620_m20_qp_62.pdf,2020,Feb/Mar,15(g)(i),8,1,decrease the accuracy,Why does this decrease the accuracy of the investigation? [1],
chemistry,0620_m21_qp_52.pdf,2021,Feb/Mar,1(h),4,1,improve the accuracy,Describe one change that could be made to the apparatus to improve the accuracy of the results. [1],use a (volumetric) pipette to measure the volume of potassium hydroxide 1
chemistry,0620_m21_qp_62.pdf,2021,Feb/Mar,9(g),6,1,improve the accuracy,Describe one change that could be made to the apparatus to improve the accuracy of the results. [1],
chemistry,0620_m22_qp_52.pdf,2022,Feb/Mar,6(e),4,4,Suggest two changes that could be made to the apparatus / improve the accuracy of the results. For each change explain why it improves the accuracy,"Suggest two changes that could be made to the apparatus to improve the accuracy of the results. For each change explain why it improves the accuracy of the results. change 1 explanation 1 change 2 explanation 2 [4] [Total: 18] 2 You are provided with solution A and solid B. Do the following tests on the substances, recording all of your observations at each stage. tests on solution A",
chemistry,0620_m22_qp_62.pdf,2022,Feb/Mar,6(e),8,4,Suggest two changes that could be made to the apparatus / improve the accuracy of the results. For each change explain why it improves the accuracy,Suggest two changes that could be made to the apparatus to improve the accuracy of the results. For each change explain why it improves the accuracy of the results. change 1 explanation 1 change 2 explanation 2 [4] [Total: 18] 3 Solution A and solid B were analysed. Solution A was aqueous copper(II) bromide. Tests were done on each substance. Complete the expected observations. tests on solution A Solution A was divided into three approximately equal portions in three test-tubes.,
chemistry,0620_s18_qp_52.pdf,2018,May/Jun,10(h),4,2,Suggest one change you could make to the experiment / more accurate results. Explain how this change would make the result,Suggest one change you could make to the experiments to obtain more accurate results. Explain how this change would make the results more accurate. change explanation [2],
chemistry,0620_s18_qp_53.pdf,2018,May/Jun,1(h),6,2,source of error / source of error / source of error,Describe one source of error in Experiment 2. Suggest an improvement to reduce this source of error. source of error improvement [2] [Total: 17],source of error: using a measuring cylinder or heat losses 1 improvement: use a pipette / burette or lag / insulation / lid 1
chemistry,0620_s18_qp_62.pdf,2018,May/Jun,15(h),6,2,Suggest one change you could make to the experiment / more accurate results. Explain how this change would make the result,Suggest one change you could make to the experiments to obtain more accurate results. Explain how this change would make the results more accurate. change explanation [2],
chemistry,0620_s18_qp_63.pdf,2018,May/Jun,2(h),8,2,source of error / source of error / source of error,Describe one source of error in Experiment 2. Suggest an improvement to reduce this source of error. source of error improvement [2] [Total: 17],sources of error using a measuring cylinder or heat losses 1 improvement use a pipette / use a burette / lag / insulation / lid 1
chemistry,0620_s19_qp_51.pdf,2019,May/Jun,8(e),4,2,more accurate result,Explain one improvement you could make to the experiment to obtain more accurate results for the heights of the solid formed. improvement explanation [2],
chemistry,0620_s19_qp_61.pdf,2019,May/Jun,8(f),6,1,Suggest one change to the apparatus / more accurate result,Suggest one change to the apparatus used which could be made to obtain more accurate results. [1],
chemistry,0620_s21_qp_51.pdf,2021,May/Jun,7(e),4,4,Suggest two changes that could be made to the apparatus / improve the accuracy of the results. For each change explain why it would improve the accuracy,"Suggest two changes that could be made to the apparatus that would improve the accuracy of the results. For each change explain why it would improve the accuracy of the results. change 1 explanation 1 change 2 explanation 2 [4] [Total: 19] 2 You are provided with one solid, solid E, and one solution, solution F. Do the following tests on the substances, recording all of your observations at each stage. tests on solid E",
chemistry,0620_s21_qp_61.pdf,2021,May/Jun,15(e),8,4,Suggest two changes that could be made to the apparatus / improve the accuracy of the results. For each change explain why it would improve the accuracy,Suggest two changes that could be made to the apparatus that would improve the accuracy of the results. For each change explain why it would improve the accuracy of the results. change 1 explanation 1 change 2 explanation 2 [4] [Total: 18] 3 Solid E and solution F were analysed. Tests were done on each substance. tests on solid E tests observations test 1 About half of solid E was placed in a test-tube and heated gently. steam was given off; condensation appeared near the mouth of the test-tube The remaining solid E was dissolved in distilled water to produce solution E. The solution was divided into four equal portions in three test‑tubes and a boiling tube. test 2 About 1 cm3 of dilute nitric acid followed by a few drops of aqueous silver nitrate were added to the first portion of solution E. no visible change test 3 About 1 cm3 of dilute nitric acid followed by a few drops of aqueous barium nitrate were added to the second portion of solution E. white precipitate test 4 Excess aqueous ammonia was added to the third portion of solution E. white precipitate test 5 Aqueous sodium hydroxide was added dropwise and then in excess to the fourth portion of solution E in the boiling tube. white precipitate which dissolved in excess to form a colourless solution test 6 The product from test 5 was warmed gently and any gas given off was tested with damp red litmus paper. the red litmus paper turned blue,
chemistry,0620_s22_qp_63.pdf,2022,May/Jun,1 (check all parts),2,1,Suggest why the copper pieces at Y did not change colour. [1] (i) The table shows the volume of air in each part of the apparatus,The apparatus shown was used to determine the percentage of oxygen in a sample of air. copper pieces glass tube air A X Y B The glass tube was heated strongly at X while the sample of air was passed backwards and forwards over the copper pieces in the tube. The source of heat was gradually moved along the tube from X to Y. During the experiment the copper pieces in the glass tube reacted with oxygen in the sample of air. Name the item of apparatus labelled B. [1] Name the item of laboratory equipment that could be used to heat the glass tube strongly. [1] The copper pieces at Y did not change colour when they were heated. Suggest why the copper pieces at Y did not change colour. [1] (i) The table shows the volume of air in each part of the apparatus at the start of the experiment. part of apparatus volume of air at start / cm3 A 0 glass tube 8 B 94 Calculate the total volume of air in the apparatus at the start of the experiment. total volume of air at start = cm3 [1] The table shows the volume of gas in each part of the apparatus at the end of the experiment. part of apparatus volume of gas at end / cm3 A 0 glass tube 8 B 75 Calculate the percentage of oxygen in the sample of air. percentage of oxygen = [1] [Total: 5],(mark scheme: check part-by-part)
chemistry,0620_s23_qp_52.pdf,2023,May/Jun,10(f),6,2,improve the accuracy,Explain why wrapping the beaker in cotton wool after it has been heated will improve the accuracy of the results obtained. [2],
chemistry,0620_s23_qp_53.pdf,2023,May/Jun,6(g),4,2,increase the accuracy,"Explain why using a polystyrene cup in place of the glass beaker would increase the accuracy of the results. [2] [Total: 17] Question 2 starts on the next page. 2 You are provided with solid H. Do the following tests on solid H, recording all of your observations at each stage. Tests on solid H",
chemistry,0620_s23_qp_62.pdf,2023,May/Jun,15(e),6,2,improve the accuracy,Explain why wrapping the beaker in cotton wool after it has been heated will improve the accuracy of the results obtained. [2],
chemistry,0620_s23_qp_63.pdf,2023,May/Jun,10(g),8,2,increase the accuracy,"Explain why using a polystyrene cup in place of the glass beaker would increase the accuracy of the results. [2] [Total: 16] Question 3 starts on the next page. 3 A student tests two solids: solid G and solid H. Tests on solid G Table 3.1 shows the student’s observations for solid G. Solid G contains three ions. Table 3.1 tests observations test 1 Do a flame test on solid G. lilac coloured flame test 2 Heat half of solid G in a boiling tube. Hold anhydrous cobalt(II) chloride paper above the boiling tube. solid G became a solution, condensation formed at the top of the boiling tube; cobalt(II) chloride paper turned pink test 3 Dissolve the remaining solid G in water to form solution G. Divide solution G into three portions. To the first portion of solution G, add aqueous sodium hydroxide dropwise and then in excess. white precipitate which dissolves in excess test 4 To the second portion of solution G, add a few drops of acidified aqueous potassium manganate(VII). pale purple solution test 5 To the third portion of solution G, add 1 cm3 of dilute nitric acid followed by a few drops of aqueous barium nitrate. white precipitate",
chemistry,0620_s24_qp_51.pdf,2024,May/Jun,5(f)(iii),6,1,more accurate result,State one other way in which the apparatus can be changed to give more accurate results. [1],
chemistry,0620_s24_qp_53.pdf,2024,May/Jun,2 (check all parts),3,2,more accurate. [1] Sketch on Fig. 1.2 the graph you would expect when Experiment,"Table 1.2 time / s 15 30 45 60 75 90 105 120 135 150 volume of gas collected in Experiment 1 / cm3 volume of gas collected in Experiment 2 / cm3 [5] Complete a suitable scale on the y-axis and plot your results for Experiments 1 and 2 on Fig. 1.2. Draw two lines of best fit. Both lines must start at (0,0). Label your lines. volume of gas collected / cm3 0 0 20 40 60 80 time / s 100 120 140 160 Fig. 1.2 [4] Deduce the volume of gas collected between 50 seconds and 70 seconds in Experiment 1. Show clearly on Fig. 1.2 how you worked out your answer. volume of gas collected between 50 seconds and 70 seconds cm3 [3] Use Fig. 1.2 to explain which experiment had the faster rate of reaction. experiment with faster rate explanation [1] During Experiment 1, the temperature of the mixture in the conical flask changed. State how this change in temperature alters the rate of the reaction. [1] Describe how the apparatus could be altered to minimise the change in temperature. [1] Some gas escapes in the short time between adding the magnesium ribbon to the conical flask and putting the bung back into the conical flask. Explain how the apparatus could be altered so that no gas escapes and the results of the experiment are more accurate. You may draw a diagram to help explain your answer. [2] Describe one other way in which the results of Experiments 1 and 2 could be made more accurate. [1] Sketch on Fig. 1.2 the graph you would expect when Experiment 2 is repeated using ethanoic acid with a higher concentration. Label your line H. [1] [Total: 19] 2 You are provided with one solid: solid K. Do the following tests on solid K, recording all of your observations at each stage. Tests on solid K Transfer approximately half of solid K to a boiling tube. Heat solid K gently and then strongly. Record your observations. [2] Transfer the remaining solid K to a boiling tube. Add about 5 cm depth of dilute hydrochloric acid to the sample of solid K in the boiling tube. Test any gas produced. Keep the solution made for use in the rest of this question. Record your observations. [3] The solution made in (b) is solution L. Decant solution L into four approximately equal portions in two boiling tubes and two test-tubes. To the first portion of solution L in a boiling tube, add aqueous ammonia dropwise until it is in excess. Record your observations. [3] Gently warm the second portion of solution L in a boiling tube. Leave the hot solution to cool for a few minutes. Record your observations. [1] (i) To the third portion of solution L, add a few drops of aqueous potassium iodide. Keep the product for use in (e)(ii). Record your observations. [1] To the product from (e)(i), add a few drops of aqueous starch. Keep the product for use in (e)(iii). Record your observations. [1] To the product from (e)(ii), add about 2 cm depth of aqueous sodium thiosulfate. Record your observations. [1] Carry out a flame test on the fourth portion of solution L. Record your observations. [1] Identify solid K. [2] [Total: 15]",(mark scheme: check part-by-part)
chemistry,0620_s24_qp_61.pdf,2024,May/Jun,5(f)(iii),8,1,more accurate result,State one other way in which the apparatus can be changed to give more accurate results. [1],
chemistry,0620_s24_qp_63.pdf,2024,May/Jun,2 (check all parts),3,1,more accurate. [1] Sketch on Fig. 2.2 the graph you would expect when Experiment,"A student investigates the rate at which hydrogen gas is made when magnesium ribbon reacts with dilute ethanoic acid at two different temperatures. Instructions The student does two experiments using the apparatus shown in Fig. 2.1. trough water clamp inverted 100 cm3 measuring cylinder dilute ethanoic acid conical flask bung rubber delivery tube Fig. 2.1 Experiment 1 Use a measuring cylinder to pour 50 cm3 of dilute ethanoic acid into a conical flask. Use a thermometer to measure the initial temperature of the dilute ethanoic acid and record the initial temperature. Set the apparatus up as shown in Fig. 2.1, ensuring the inverted measuring cylinder is full of water. Remove the bung from the conical flask, ensuring the delivery tube remains in the measuring cylinder. Add a coil of magnesium ribbon to the conical flask, immediately put the bung back into the conical flask and start the timer. If the magnesium sticks to the side of the flask, gently shake the flask so that it is washed off the side. Measure the volume of gas collected in the inverted measuring cylinder every 15 seconds for 150 seconds. Record the volume of gas collected. Use the thermometer to measure the final temperature of the mixture in the conical flask and record the final temperature. Rinse out the conical flask with distilled water. Experiment 2 Repeat Experiment 1 but warm the acid by about 15 °C after it has been poured into the conical flask and before the initial temperature is measured and recorded. Use the thermometer diagrams to complete Table 2.1. Table 2.1 initial final experiment thermometer diagram temperature / °C thermometer diagram temperature / °C average temperature / °C 1 30 25 20 30 25 20 2 40 35 30 40 35 30 [3] Use the diagrams of the inverted measuring cylinders to complete Table 2.2. Table 2.2 30 20 10 40 30 20 50 40 30 70 60 50 70 60 50 80 70 60 90 80 70 90 80 70 90 80 70 60 50 40 volume of gas collected in Experiment 1 / cm3 volume of gas collected in Experiment 2 / cm3 diagram of inverted measuring cylinder in Experiment 2 12 22 31 37 43 48 52 56 59 62 15 time / s 30 45 60 75 90 105 120 135 150 [2] Complete a suitable scale on the y-axis and plot the results for Experiments 1 and 2 on Fig. 2.2. Draw two lines of best fit. Both lines must start at (0,0). Label your lines. volume of gas collected / cm3 0 0 20 40 60 80 time / s 100 120 140 160 Fig. 2.2 [4] Deduce the volume of gas collected between 20 seconds and 40 seconds in Experiment 1. Show clearly on Fig. 2.2 how you worked out your answer. volume of gas collected between 20 seconds and 40 seconds cm3 [3] Use Fig. 2.2 to explain which experiment had the faster rate of reaction. experiment with faster rate explanation [1] During Experiment 1, the temperature of the mixture in the conical flask changed. State how this change in temperature affects the rate of the reaction. [1] Describe how the apparatus could be altered to minimise the change in temperature. [1] Some gas escapes in the short time between adding the magnesium ribbon to the conical flask and putting the bung back into the conical flask. Explain how the apparatus could be altered so that no gas escapes and the results of the experiment are more accurate. You may draw a diagram to help explain your answer. [2] Describe one other way in which the results of Experiments 1 and 2 could be made more accurate. [1] Sketch on Fig. 2.2 the graph you would expect when Experiment 2 is repeated using ethanoic acid with a higher concentration. Label your line X. [1] [Total: 19]",(mark scheme: check part-by-part)
chemistry,0620_s25_qp_52.pdf,2025,May/Jun,15(f),4,2,more accurate if the beaker used in each experiment,Explain why the results obtained would be more accurate if the beaker used in each experiment was replaced by a polystyrene cup. [2],
chemistry,0620_s25_qp_62.pdf,2025,May/Jun,15(f),6,2,more accurate if the beaker used in each experiment,Explain why the results obtained would be more accurate if the beaker used in each experiment was replaced by a polystyrene cup. [2],
chemistry,0620_s26_qp_51.pdf,2026,May/Jun,8(f)(i),4,2,improve the accuracy,Explain why wrapping the boiling tube in cotton wool would improve the accuracy of the results. [2],
chemistry,0620_s26_qp_51.pdf,2026,May/Jun,8(f)(ii),4,1,improve the accuracy,Explain why placing the boiling tube in a water-bath at room temperature would not improve the accuracy of the results. [1],
chemistry,0620_s26_qp_61.pdf,2026,May/Jun,10(f)(i),8,2,improve the accuracy,Explain why wrapping the boiling tube in cotton wool would improve the accuracy of the results. [2],
chemistry,0620_s26_qp_61.pdf,2026,May/Jun,10(f)(ii),8,1,improve the accuracy,Explain why placing the boiling tube in a water-bath at room temperature would not improve the accuracy of the results. [1],
chemistry,0620_s26_qp_63.pdf,2026,May/Jun,1(d),2,1,Suggest one change to the apparatus,Suggest one change to the apparatus so the student can collect the gas made at electrode B in Figure 1.1. [1],"place a test-tube over the anode 1 Allow ignition tube / boiling tube / measuring cylinder / burette Allow a test-tube, etc. over the anode from the diagram in"
chemistry,0620_w18_qp_51.pdf,2018,Oct/Nov,10(e),4,2,improve the accuracy of the results of these experiments. way to improve the accuracy,Pipettes or burettes could be used to measure the volumes of solution S and the sodium thiosulfate solution more accurately. State and explain one other way to improve the accuracy of the results of these experiments. way to improve the accuracy explanation [2],
chemistry,0620_w18_qp_51.pdf,2018,Oct/Nov,10(f),4,2,improve the accuracy / improve the accuracy,"A student predicted that using a burette to add solution T would improve the accuracy of the results of these experiments. Suggest why the student’s prediction would not improve the accuracy of the results of these experiments. [2] [Total: 18] 2 You are provided with two solids, solid P and solid Q. Do the following tests on solid P and solid Q, recording all of your observations at each stage.",
chemistry,0620_w18_qp_52.pdf,2018,Oct/Nov,10(f),6,1,improve the reliability,"Suggest one way to improve the reliability of the results of these experiments. [1] [Total: 18] 2 You are provided with two solids, solid N and solid O. Do the following tests on solid N and solid O, recording all of your observations at each stage.",
chemistry,0620_w18_qp_53.pdf,2018,Oct/Nov,10(e),4,2,improve the accuracy of the results of these experiments. way to improve the accuracy,Pipettes or burettes could be used to measure the volumes of solution S and the sodium thiosulfate solution more accurately. State and explain one other way to improve the accuracy of the results of these experiments. way to improve the accuracy explanation [2],
chemistry,0620_w18_qp_53.pdf,2018,Oct/Nov,10(f),4,2,improve the accuracy / improve the accuracy,"A student predicted that using a burette to add solution T would improve the accuracy of the results of these experiments. Suggest why the student’s prediction would not improve the accuracy of the results of these experiments. [2] [Total: 18] 2 You are provided with two solids, solid P and solid Q. Do the following tests on solid P and solid Q, recording all of your observations at each stage.",
chemistry,0620_w18_qp_62.pdf,2018,Oct/Nov,15(f),6,1,improve the reliability,Suggest one way to improve the reliability of the results of these experiments. [1] [Total: 18] 3 Solid N and solid O were analysed. Solid N was ammonium sulfate. Tests were done on each solid. tests on solid N Complete the expected observations.,
chemistry,0620_w18_qp_63.pdf,2018,Oct/Nov,15(e),6,2,improve the accuracy of the results of these experiments. way to improve the accuracy,Pipettes or burettes could be used to measure the volumes of solution S and the sodium thiosulfate solution more accurately. State and explain one other way to improve the accuracy of the results of these experiments. way to improve the accuracy explanation [2],
chemistry,0620_w18_qp_63.pdf,2018,Oct/Nov,15(f),6,2,improve the accuracy / improve the accuracy,A student predicted that using a burette to add solution T would improve the accuracy of the results of these experiments. Suggest why the student’s prediction would not improve the accuracy of the results of these experiments. [2] [Total: 18] 3 Solid P and solid Q were analysed. Solid P was lithium nitrate. Tests were done on each solid. tests on solid P Complete the expected observations.,
chemistry,0620_w19_qp_52.pdf,2019,Oct/Nov,1(f),4,4,sources of error / sources of error / source of error / source of error,State two possible sources of error in these experiments. Suggest two improvements to reduce each of these sources of error. source of error 1 improvement 1 source of error 2 improvement 2 [4],two sources of error: e.g. heat losses / use of a measuring cylinder / imprecise thermometer / temperature not accurate / experiment only done once / readings taken every 30 s 2 two improvements: e.g. use a lid / lag the apparatus / use a pipette / burette / use more accurate / precise thermometer / repeat and average / compare / more frequent readings to give smoother graph 2
chemistry,0620_w19_qp_61.pdf,2019,Oct/Nov,10(d),6,2,source of error / source of error / source of error,State one possible source of error in this experiment. Suggest one improvement to reduce this source of error. source of error improvement [2],
chemistry,0620_w19_qp_62.pdf,2019,Oct/Nov,15(f),6,4,sources of error / sources of error / source of error / source of error,"State two possible sources of error in these experiments. Suggest two improvements to reduce each of these sources of error. source of error 1 improvement 1 source of error 2 improvement 2 [4] [Total: 17] 3 Two substances, solid P and solid Q, were analysed. Solid P was copper(II) nitrate. Tests were done on solid P and solid Q. tests on solid P Complete the expected observations.",
chemistry,0620_w21_qp_51.pdf,2021,Oct/Nov,1(g),4,2,Suggest one change that could be made to the apparatus / improve the accuracy of the results. Explain why this change would improve the accuracy,Suggest one change that could be made to the apparatus that would improve the accuracy of the results. Explain why this change would improve the accuracy of the results. change explanation [2] [Total: 19],change: use a pipette / burette explanation: more accurate than a measuring cylinder OR 2 change: use a lid explanation: reduces heat loss Tests on solid S
chemistry,0620_w21_qp_52.pdf,2021,Oct/Nov,1(j),4,2,source of error / source of error,State one source of error in Experiment 1. Suggest an improvement to reduce this error. source of error improvement [2] [Total: 18],source of error: measuring cylinder / error in volume of solution M 1 improvement: use a pipette 1 Tests on solid O
chemistry,0620_w21_qp_53.pdf,2021,Oct/Nov,1(g),4,2,Suggest one change that could be made to the apparatus / improve the accuracy of the results. Explain why this change would improve the accuracy,Suggest one change that could be made to the apparatus that would improve the accuracy of the results. Explain why this change would improve the accuracy of the results. change explanation [2] [Total: 19],change: use a pipette / burette explanation: more accurate than a measuring cylinder OR 2 change: use a lid explanation: reduces heat loss Tests on solid S
chemistry,0620_w21_qp_61.pdf,2021,Oct/Nov,2(h),8,2,improve the accuracy,State two changes to the apparatus to improve the accuracy of the results obtained if the experiment is repeated using the same thermometer. change 1 change 2 [2],any two from insulate the tube / use a waterbath use a pipette/burette in place of the measuring cylinder use a divided flask / description of this max 2 2
chemistry,0620_w21_qp_62.pdf,2021,Oct/Nov,15(j),7,2,source of error / source of error,State one source of error in Experiment 1. Suggest an improvement to reduce this error. source of error improvement [2] [Total: 18] 3 Solid O and liquid P were analysed. Solid O was ammonium bromide. Tests were done on each substance. tests on solid O Complete the expected observations. Solid O was dissolved in water to form solution O. Solution O was divided into four approximately equal portions in four test‑tubes.,
chemistry,0620_w21_qp_63.pdf,2021,Oct/Nov,3(g),6,2,Suggest one change that could be made to the apparatus / improve the accuracy of the results. Explain why this change would improve the accuracy,"Suggest one change that could be made to the apparatus that would improve the accuracy of the results. Explain why this change would improve the accuracy of the results. change explanation [2] [Total: 19] 3 Solid S and solid T were analysed. Tests were done on each substance. tests on solid S tests observations test 1 Solid S was placed in a boiling tube and 10 cm3 of dilute hydrochloric acid was added. effervescence The solution formed in test 1 was decanted from the remaining solid S. The solution is solution U. test 2 Aqueous sodium hydroxide was added dropwise and then in excess to solution U. white precipitate, insoluble in excess The gas given off in test 1 was carbon dioxide.",
chemistry,0620_w23_qp_61.pdf,2023,Oct/Nov,15(g),6,2,suggest a change to the apparatus,During each experiment the temperature of the acid decreases slowly. Give a reason why the temperature of the acid decreases and suggest a change to the apparatus used that would minimise the decrease in temperature. reason temperature decreases change to apparatus [2] [Total: 20] 3 A student tests two substances: solid M and solid N. Tests on solid M Solid M is hydrated chromium(III) nitrate. Complete the expected observations.,
chemistry,0620_w24_qp_53.pdf,2024,Oct/Nov,1(g),4,4,sources of error / source of error / source of error / source of error,"State two possible sources of error in these experiments. For each source of error, suggest an improvement which reduces the error. source of error 1 improvement 1 source of error 2 improvement 2 [4] [Total: 20]",Any 2 pairs from: error: heat gain improvement: insulate / (use a) lid / (use a) polystyrene (cup) error: (volume of water due to using a) measuring cylinder improvement: (use a) burette error: water already in boiling tube for Experiment 2 improvement: dry / clean / new boiling tube 4
chemistry,0620_w24_qp_63.pdf,2024,Oct/Nov,2(g),8,4,sources of error / source of error / source of error / source of error,"State two possible sources of error in these experiments. For each source of error, suggest an improvement which reduces the error. source of error 1 improvement 1 source of error 2 improvement 2 [4] [Total: 20] Question 3 starts on the next page.",Any 2 pairs from: error: heat gain improvement: insulate / (use a) lid / (use a) polystyrene (cup) error: (volume of water due to using a) measuring cylinder improvement: (use a) burette error: water already in boiling tube for Experiment 2 improvement: dry / clean / new boiling tube 4
chemistry,0620_w25_qp_52.pdf,2025,Oct/Nov,1(f),4,1,improve the accuracy,State one change to the apparatus that will improve the accuracy of the results. [1] [Total: 19],use a volumetric pipette instead of a measuring cylinder 1
chemistry,0620_w25_qp_53.pdf,2025,Oct/Nov,5(g),5,2,more accurate result,"Describe one change to the apparatus that will give more accurate results. Explain your answer. change to apparatus explanation [2] [Total: 19] 2 You are provided with one solid: solid A. Do the following tests on solid A. Record all of your observations at each stage. Tests on solid A Add about 5 cm depth of distilled water to the boiling tube containing solid A. Replace the stopper in the boiling tube and shake the boiling tube to dissolve solid A and form solution A. Divide solution A into six approximately equal portions in four test-tubes and two boiling tubes. In (a) and (b)(i), the contents of the test-tube need to be left to stand for about 5 minutes. You should continue with the remaining parts of this question while the test-tubes in (a) and (b)(i) are standing.",
chemistry,0620_w25_qp_62.pdf,2025,Oct/Nov,3(f),8,1,improve the accuracy,State one change to the apparatus that will improve the accuracy of the results. [1] [Total: 18] 3 A student tests two solids: solid E and solid F. Tests on solid E Solid E is ammonium sulfate. Record the expected observations. The student dissolves solid E in distilled water to form solution E. The student divides solution E into three approximately equal portions.,
chemistry,0620_w25_qp_63.pdf,2025,Oct/Nov,5(g),8,2,more accurate result,Describe one change to the apparatus that will give more accurate results. Explain your answer. change to apparatus explanation [2] [Total: 18] 3 A student tests two substances: solution A and solid B. Tests on solution A Solution A is aqueous iron(III) nitrate. Record the expected observations. The student divides solution A into three approximately equal portions.,
physics,0625_m18_qp_52.pdf,2018,Feb/Mar,1(e),4,1,more accurate value,Two students carry out the experiment correctly but with different values for the mass of block Q. One student obtains values of b that are larger than those obtained by the other student. State and explain whether the larger values of b are likely to produce a more accurate value for the mass of the metre rule. [1] [Total: 11],more accurate and errors have less effect ( with larger values) / less % uncertainty 1
physics,0625_m18_qp_62.pdf,2018,Feb/Mar,1(d),6,1,more accurate value,Two students carry out the experiment correctly but with different values for the mass of block Q. One student obtains values of b that are larger than those obtained by the other student. State and explain whether the larger values of b are likely to produce a more accurate value for the mass of the metre rule. [1] [Total: 11],more accurate and errors have less effect ( with larger values) / less % uncertainty 1
physics,0625_m19_qp_52.pdf,2019,Feb/Mar,15(g),4,1,source of inaccuracy,"Suggest a possible source of inaccuracy in this experiment, even if it is carried out carefully. [1]",
physics,0625_m19_qp_62.pdf,2019,Feb/Mar,5(e),4,1,source of inaccuracy,"Suggest a possible source of inaccuracy in this experiment, even if it is carried out carefully. [1]",
physics,0625_m19_qp_62.pdf,2019,Feb/Mar,5(f),4,1,"improve the experiment, using the same apparatus, to check the reliability","A student wishes to check if his values for a are reliable. Suggest how he could improve the experiment, using the same apparatus, to check the reliability of his results. [1] [Total: 11] 2 Students are investigating how the use of a lid or insulation affects the rate of cooling of hot water in a beaker. They use the apparatus shown in Fig. 2.1. thermometer 20 30 4 lid beakers A B insulation Fig. 2.1",
physics,0625_m20_qp_52.pdf,2020,Feb/Mar,1(a)(ii),2,2,more accurate method,Suggest a more accurate method for measuring the diameter of the rod. List any additional apparatus you would require and briefly describe how you would determine the diameter. You may draw a diagram if it helps to explain your answer. You are not asked to carry out this method. [2],"method outlined / how diameter determined accurately e.g. use of string wrapped round rod and measured / several turns and calculate diameter from circumference, OR use of rod between two blocks and measure gap / in at least 2 places and take average, OR means of measuring diameter across ends / at several places and take average, OR use of micrometer, (vernier) callipers / at various points (along length or across ends) and take average 2"
physics,0625_m20_qp_62.pdf,2020,Feb/Mar,1(f),6,1,source of inaccuracy,"Suggest a possible source of inaccuracy in Method 2, even if it was carried out carefully. [1] [Total: 11]","suitable source of inaccuracy e.g.: measuring cylinder scales less precise / accurate, water lost on transfer / droplets on clay, wood might absorb water 1"
physics,0625_m21_qp_52.pdf,2021,Feb/Mar,1(f)(ii),4,1,how the experiment could be improved to make the readings more reliable,Describe how the experiment could be improved to make the readings more reliable. [1] [Total: 11],repeat each reading and calculate average value 1
physics,0625_m21_qp_62.pdf,2021,Feb/Mar,3(g)(ii),5,1,how the experiment could be improved to make the readings more reliable,Describe how the experiment could be improved to make the readings more reliable. [1] [Total: 11] 2 Students investigate the cooling of hot water in two different cups. They use the apparatus shown in Fig. 2.1. Cup A is made from thin plastic. The top of cup A has an inside diameter of 7 cm. Cup B is made from expanded polystyrene. The top of cup B has an inside diameter of 8 cm. bench thermometer 20 30 10 lids cup B cup A Fig. 2.1,statement matching results 1 within limits of experimental accuracy / owtte and supported by values from table 1
physics,0625_m22_qp_52.pdf,2022,Feb/Mar,1(e),4,1,Suggest one change to the apparatus,(i) It is sometimes difficult to position the load W on the scale of the metre rule at the correct distance d from the pivot. Suggest one change to the apparatus to overcome this difficulty. [1],1(e)(i): suspend load from loop of thread / any other suitable method to avoid standing load over marks on rule 1 | 1(e)(ii): valid source of uncertainty e.g. test load not exactly 1.0 N / spring extension not linear / metre rule not uniform 1
physics,0625_m22_qp_52.pdf,2022,Feb/Mar,1(e)(ii),4,1,source of inaccuracy,Suggest one possible source of inaccuracy other than the difficulty described in (e)(i). Assume that the experiment is carried out carefully. [1] [Total: 11],valid source of uncertainty e.g. test load not exactly 1.0 N / spring extension not linear / metre rule not uniform 1
physics,0625_m22_qp_52.pdf,2022,Feb/Mar,2(d),6,1,Suggest one change to the apparatus,A student suggests that glass is a thermal insulator and the experiment does not just test the effect of the air gap. Suggest one change to the apparatus that would test the air gap more effectively. [1],suitable change e.g. use conducting material / metal for beaker B / support beaker A in beaker B so that there is an air gap underneath too 1
physics,0625_m22_qp_62.pdf,2022,Feb/Mar,1(d),5,1,Suggest one change to the apparatus,(i) It is sometimes difficult to position the load W on the scale of the metre rule at the correct distance d from the pivot. Suggest one change to the apparatus to overcome this difficulty. [1],1(d)(i): suspend load from loop of thread / any other suitable method to avoid standing load over marks on rule 1 | 1(d)(ii): valid source of uncertainty e.g. test load not exactly 1.0 N / spring extension not linear / metre rule not uniform 1
physics,0625_m22_qp_62.pdf,2022,Feb/Mar,1(d)(ii),5,1,source of inaccuracy,Suggest one possible source of inaccuracy other than the difficulty described in (d)(i). Assume that the experiment is carried out carefully. [1] [Total: 11],valid source of uncertainty e.g. test load not exactly 1.0 N / spring extension not linear / metre rule not uniform 1
physics,0625_m22_qp_62.pdf,2022,Feb/Mar,2(d),7,1,Suggest one change to the apparatus,A student suggests that glass is a thermal insulator and the experiment does not just test the effect of the air gap. Suggest one change to the apparatus that would test the air gap more effectively. [1],suitable change e.g. use conducting material / metal for beaker B / support beaker A in beaker B so that there is an air gap underneath too 1
physics,0625_m23_qp_52.pdf,2023,Feb/Mar,5(d),5,2,source of inaccuracy / suggest one improvement to reduce its effect. source of inaccuracy improvement [2] [Total: 11] 2 In this experiment,"Describe one possible source of inaccuracy in the method described in (c) and suggest one improvement to reduce its effect. source of inaccuracy improvement [2] [Total: 11] 2 In this experiment, you will investigate the cooling of hot water from different initial temperatures. Carry out the following instructions, referring to Fig. 2.1. thermometer clamp boss stand bench beaker Fig. 2.1",
physics,0625_m23_qp_62.pdf,2023,Feb/Mar,5(d),5,2,source of inaccuracy / source of inaccuracy,Describe one possible source of inaccuracy in the method described in (c) and suggest one improvement to reduce its effect. source of inaccuracy improvement [2] [Total: 11] 2 A student investigates the cooling of hot water from different initial temperatures. She uses the apparatus shown in Fig. 2.1. clamp beaker boss stand bench thermometer 20 30,
physics,0625_m24_qp_52.pdf,2024,Feb/Mar,1(e),4,1,Suggest if this is a suitable change for this experiment,"The accuracy of the result obtained by this procedure depends on the metre ruler, without a load, balancing with the pivot at the 50.0 cm mark. A student finds that this does not happen. He adds a small piece of modelling clay to one end of the metre ruler to correct it. Suggest if this is a suitable change for this experiment. Explain your answer. [1] [Total: 11]","No, as (mass of clay) increases/changes mass of metre ruler or Yes, as (mass of clay) only a small % of mass of metre ruler / owtte 1"
physics,0625_m24_qp_52.pdf,2024,Feb/Mar,3(c),9,2,Suggest an improvement to the apparatus to overcome this. You are not required to do an experiment,Describe one difficulty that is experienced when using a ruler to measure the height of the image. Suggest an improvement to the apparatus to overcome this. You are not required to do an experiment with this improved apparatus. difficulty improvement [2],any one valid difficulty (e.g. hand or ruler gets in way of light) 1 one improvement to overcome the difficulty (e.g. translucent screen (and measure from back) / fix grid to screen) 1
physics,0625_m24_qp_62.pdf,2024,Feb/Mar,1(e),5,1,Suggest if this is a suitable change for this experiment,"The accuracy of the result obtained by this procedure depends on the metre ruler, without a load, balancing with the pivot at the 50.0 cm mark. A student finds that this does not happen. She adds a small piece of modelling clay to one end of the metre ruler to correct it. Suggest if this is a suitable change for this experiment. Explain your answer. [1] [Total: 11]","No, as (mass of clay) increases / changes mass of metre ruler or Yes, as (mass of clay) only a small % of mass of metre ruler / owtte 1"
physics,0625_m24_qp_62.pdf,2024,Feb/Mar,5(e),10,2,Suggest an improvement to the apparatus,Describe one difficulty that is experienced when using a ruler to measure the height of the image in this experiment. Suggest an improvement to the apparatus to overcome this. difficulty improvement [2],
physics,0625_m26_qp_52.pdf,2026,Feb/Mar,1(c),3,,more accurate value,Suggest two improvements that will help a student to determine a more accurate value for the volume of a glass ball. 1,any two from: measuring cylinder with smaller scale divisions ; measure diameter / radius of ball and calculate volume ; use more glass balls (so there is a greater change in volume) ; repeat and calculate mean ; 2
physics,0625_m26_qp_62.pdf,2026,Feb/Mar,2(c),3,2,more accurate value,Suggest two improvements that will help a student to determine a more accurate value for the volume of a glass ball. 1 2 [2] [Total: 10] 132.8 g 94 cm3 2 A student investigates the behaviour of a spring. Refer to Figure 2.1. 0 100 clamp stand spring metre ruler bench G-clamp Figure 2.1,"2(c)(i): correct labels and units: L / N (y-axis) against x / mm (x-axis) ; 1 suitable scale filling more than half the graph grid in both directions, beginning from origin ; 1 five plots located within half a small square ; 1 line of best fit with balance of points, and single, thin continuous line ; 1 | 2(c)(ii): if candidate line within 1 small square of origin: yes, (because line is) straight line through origin ; otherwise: no, (because line is) not a straight line / not through origin ; 1"
physics,0625_s18_qp_51.pdf,2018,May/Jun,1(c),3,2,improves the reliability / improve the reliability,A student states that repeating the experiment improves the reliability of the value obtained for g. Suggest two changes that you would make to improve the reliability. The stopwatch cannot be changed. 1. 2. [2],Use of additional d values OR use a larger d value 1 Count more swings 1
physics,0625_s18_qp_52.pdf,2018,May/Jun,2(e),7,2,Suggest two changes to the apparatus or the procedure,A student plans to repeat the experiment using the same thermometer and the same volume of water. Suggest two changes to the apparatus or the procedure that would increase the rate of cooling of the water. 1. 2. [2],any two from: higher starting temperature use of metal can instead of beaker lower room temperature/cold water bath use of a fan container with a greater surface area/larger beaker 2
physics,0625_s18_qp_52.pdf,2018,May/Jun,3(d),9,2,improves the reliability,The student states that taking more measurements improves the reliability of the value obtained for f. Suggest additional values for u that you would use. [2],at least 3 values suggested 1 new values between 20 cm and 70 cm 1
physics,0625_s18_qp_53.pdf,2018,May/Jun,1(c)(ii),3,2,Suggest a change to the apparatus,Suggest a change to the apparatus that could produce a greater difference between the rates of cooling for lid A and lid B. Explain why the change might produce a greater difference. change explanation [2],any suitable change to apparatus relating to comparison e.g. insulate sides / stand on mat use plastic beaker thicker lid use of fan use wider beaker 1 matching explanation e.g. thermal energy only escapes from surface less transfer of thermal energy by sides / bottom less conduction through lid larger surface area (for evaporation to occur) 1
physics,0625_s18_qp_53.pdf,2018,May/Jun,3(e),6,2,Suggest two modifications to the procedure,"A student wishes to investigate the relationship between P and R in more detail. Suggest two modifications to the procedure that will enable him to do this. 1. 2. [2] [Total: 11] 3 In this experiment, you will investigate the image produced by a converging lens. Carry out the following instructions, referring to Fig. 3.1. triangular object u ho lens screen Fig. 3.1",any inherent difficulty e.g. hand/ruler in way of image OR screen can move (when measuring) 1 matching improvement to apparatus e.g. use translucent screen and view from behind OR fix ruler/grid to screen OR clamp screen in place 1
physics,0625_s18_qp_53.pdf,2018,May/Jun,3(e),9,2,Suggest an improvement to the apparatus,Describe one difficulty that might be experienced when measuring the height of the image hI. Suggest an improvement to the apparatus to overcome this difficulty. difficulty improvement [2] [Total: 11],any inherent difficulty e.g. hand/ruler in way of image OR screen can move (when measuring) 1 matching improvement to apparatus e.g. use translucent screen and view from behind OR fix ruler/grid to screen OR clamp screen in place 1
physics,0625_s18_qp_61.pdf,2018,May/Jun,1(d),3,2,improves the reliability / improve the reliability,Another student states that repeating the experiment improves the reliability of the value obtained for g. Suggest two changes that you would make to improve the reliability. The stopwatch cannot be changed. 1. 2. [2],Use of additional d values OR use a larger d value 1 Count more swings 1
physics,0625_s18_qp_62.pdf,2018,May/Jun,2(e),7,2,Suggest two changes to the apparatus or the procedure,A student plans to repeat the experiment using the same thermometer and the same volume of water. Suggest two changes to the apparatus or the procedure that would increase the rate of cooling of the water. 1. 2. [2] [Total: 13],any two from: higher starting temperature / use hotter water use of metal can instead of beaker / metal bench lower room temperature / cold water bath use of a fan container with a greater surface area / larger beaker 2
physics,0625_s18_qp_62.pdf,2018,May/Jun,3(c),9,2,improves the reliability,The student states that taking more measurements improves the reliability of the value obtained for fA. Suggest additional values for U that you would use. [2],at least 3 new values suggested 1 all new values between 15 cm and 70 cm with at least 5 cm between each value 1
physics,0625_s18_qp_63.pdf,2018,May/Jun,1(d)(ii),3,2,Suggest a change to the apparatus,Suggest a change to the apparatus that could produce a greater difference between the rates of cooling for lid A and lid B. Explain why the change might produce a greater difference. change explanation [2],any suitable change to apparatus relating to comparison e.g. insulate sides / stand on mat use plastic beaker thicker lid use of fan use wider beaker 1 matching explanation e.g. thermal energy only escapes from surface less transfer of thermal energy by sides / bottom less conduction through lid larger surface area (for evaporation to occur) 1
physics,0625_s18_qp_63.pdf,2018,May/Jun,10(e),7,2,Suggest two modifications to the procedure,Another student plans to investigate the relationship between P and R in more detail. Suggest two modifications to the procedure that will enable her to do this. 1. 2. [2] [Total: 11] 3 A student is investigating the image produced by a converging lens. She is using the apparatus shown in Fig. 3.1. illuminated object u lens screen Fig. 3.1,
physics,0625_s18_qp_63.pdf,2018,May/Jun,10(e),10,2,Suggest an improvement to the apparatus,"Describe one difficulty that might be experienced when measuring the height of the image hI. Suggest an improvement to the apparatus to overcome this difficulty. difficulty improvement [2] [Total: 11] 4 A student is investigating the force needed to just slide a block across a surface. Plan an experiment that will enable him to investigate how the force needed varies with the mass of the block. The apparatus available includes: a light, flat wooden block with a hook fitted as shown in Fig. 4.1 a pulley which can be clamped to a bench. wooden block hook Fig. 4.1 In your plan, you should: list any additional apparatus needed draw a clearly labelled diagram of how the apparatus will be arranged give brief instructions for carrying out the experiment describe any precautions which should be taken to ensure reliable results suggest a graph which could be drawn.",
physics,0625_s19_qp_51.pdf,2019,May/Jun,3(e),7,2,Suggest two suitable changes to the apparatus,A student in another school carries out the experiment and reports that the rate of cooling of the water in the can is different from the rate of cooling of the water in the beaker. He plans a change to the experiment to find out whether this difference in the rates of cooling is caused by the matt black surface of the can being a better radiator of thermal energy than the shiny surface of the beaker the metal of the can being a better conductor of thermal energy than the material of the beaker. Suggest two suitable changes to the apparatus that the student could make. 1. 2. [2] [Total: 11],Use a black painted beaker and black painted can 1 Use a shiny can and unpainted beaker (or put foil round the beaker) 1
physics,0625_s19_qp_52.pdf,2019,May/Jun,2(e),6,1,Suggest one change to the procedure,A student plans to repeat the experiment using the same apparatus and the same volume of water. Suggest one change to the procedure that would decrease the rate of cooling of the water. [1],any one from: higher room temperature lower starting/initial temperature thicker/better insulation 1
physics,0625_s19_qp_53.pdf,2019,May/Jun,2(e),6,2,Suggest two changes that could be made to the apparatus or the procedure,Suggest two changes that could be made to the apparatus or the procedure to ensure that the temperature θC of the cold water in the glass tube rises more quickly. 1. 2. [2] [Total: 11],any two from: thinner walls on tube metal tube bung/lid on tube insulate sides of beaker/lid on beaker higher initial hot water temperature lower initial cold water temperature increase volume of hot water decrease volume of cold water stirring 2
physics,0625_s19_qp_61.pdf,2019,May/Jun,3(c)(i),10,2,Suggest two suitable changes to the apparatus,Suggest two suitable changes to the apparatus that the student could make. 1. 2. [2],Use a black painted beaker (and black painted can) 1 Use a shiny can (and unpainted beaker) 1
physics,0625_s19_qp_62.pdf,2019,May/Jun,2(c),7,1,Suggest one change to the procedure,A student plans to repeat the experiment using the same apparatus and the same volume of water. Suggest one change to the procedure that will decrease the rate of cooling of the water. [1],any one from: higher room temperature lower starting/initial temperature insulation 1
physics,0625_s19_qp_63.pdf,2019,May/Jun,4(e),7,2,Suggest two changes that could be made to the apparatus or the procedure,Suggest two changes that could be made to the apparatus or the procedure to ensure that the temperature θC of the cold water in the boiling tube rises more quickly. 1. 2. [2] [Total: 11] 3 Some students are investigating a circuit containing different resistors. They are using the circuit shown in Fig. 3.1. A power supply X Y Z Fig. 3.1,MP1 Apparatus metre rule / measuring tape 1 MP2 Method drop ball from measured height measure height of bounce repeat for different height of release 1 MP3 Precaution any one from: repeat (for each height of release) and average measure to same part of ball each time measure height of bounce at eye level release without throwing/impeding use of video (for height of bounce) 1 MP4 Control variable any one from: same (diameter/mass/material) ball type of floor covering 1 MP5 Table columns for release height and bounce height and units 1 MP6 Analysis any one from: suitable analysis of readings draw a suitable graph of drop height against bounce height 1 MP7 Additional point any one from: additional control variable at least 5 sets of data taken repeat experiment for different diameter of ball/floor covering automatic release to eliminate differences 1
physics,0625_s21_qp_51.pdf,2021,May/Jun,1(e),3,1,more accurate result,Explain why timing 10 oscillations gives a more accurate result for the period T than timing one oscillation. [1] [Total: 11],Timing errors less significant owtte 1
physics,0625_s21_qp_53.pdf,2021,May/Jun,1(e),4,1,source of inaccuracy,Suggest a possible source of inaccuracy in the determination of ρ in this experiment. [1],"any valid source of inaccuracy, e.g: part of load U is metal hanger immersed too clay wet when weight measured air holes in clay air bubbles on immersed clay 1"
physics,0625_s21_qp_53.pdf,2021,May/Jun,2(e),8,2,how the experiment and graph could be improved to obtain a more accurate,Suggest how the experiment and graph could be improved to obtain a more accurate value for e.m.f. E. [2] [Total: 11],obtain more values at other potential differences 1 start V axis at 1.
physics,0625_s21_qp_53.pdf,2021,May/Jun,3(d)(ii),12,1,more accurate value,State whether n1 or n2 is likely to be the more accurate value. Explain your answer. statement explanation [1],n2 and suitable explanation: e.g. lengths are larger/less effect of errors/smaller % uncertainty 1
physics,0625_s21_qp_61.pdf,2021,May/Jun,1(e),4,1,more accurate result,Explain why timing 10 oscillations gives a more accurate result for the period T than timing one oscillation. [1] [Total: 11],(Timing) errors less significant / have a smaller percentage uncertainty / the error is spread over 10 periods / is divided by 10 1
physics,0625_s21_qp_63.pdf,2021,May/Jun,1(e),5,1,source of inaccuracy,Suggest a possible source of inaccuracy in the determination of ρ in this experiment. [1],any valid source of inaccuracy e.g: part of load U is metal hanger immersed too clay wet when weight measured air holes in clay air bubbles on immersed clay 1
physics,0625_s21_qp_63.pdf,2021,May/Jun,2(f),8,2,how the experiment and graph could be improved to obtain a more accurate,Suggest how the experiment and graph could be improved to obtain a more accurate value for e.m.f. E. [2] [Total: 11],obtain more values at other potential differences 1 start V axis at 3.
physics,0625_s22_qp_52.pdf,2022,May/Jun,3(e),8,,more accurate value,A student states that a more accurate value for the focal length f of the lens can be determined by plotting a graph of uv against D. The gradient of the graph is numerically equal to the focal length.,3(e)(i): any integer between 5 and | 3(e)(ii): (a straight line) is a way of taking an average OR gradient gives an average value for f OR anomalous results can be seen (and repeated or ignored) 1
physics,0625_s22_qp_52.pdf,2022,May/Jun,3(e)(ii),8,1,how this graphical method can give a more accurate,Explain briefly how this graphical method can give a more accurate value for the focal length. [1] [Total: 11],(a straight line) is a way of taking an average OR gradient gives an average value for f OR anomalous results can be seen (and repeated or ignored) 1
physics,0625_s22_qp_62.pdf,2022,May/Jun,10(d),9,,more accurate value,A student states that a more accurate value for the focal length f of the lens can be determined by plotting a graph of uv against D. The gradient of the graph is numerically equal to the focal length.,
physics,0625_s22_qp_62.pdf,2022,May/Jun,10(d)(ii),9,7,how this graphical method can give a more accurate,"Explain briefly how this graphical method can give a more accurate value for the focal length. [2] [Total: 11] 4 A student investigates insulators. Plan an experiment to list insulating discs in order from best insulator to worst insulator. The following apparatus is available: five discs made from different insulating materials a thermometer a stop-watch a heated metal cylinder (see Fig. 4.1) a second metal cylinder with a hole for the thermometer (see Fig. 4.1). electrical heater metal cylinder heated metal cylinder insulating disc thermometer Fig. 4.1 You can also use other apparatus and materials that are usually available in a school laboratory. In your plan, you should: explain briefly how you would carry out the investigation state the key variables that you would control draw a table, or tables, with column headings, to show how you would display your readings (you are not required to enter any readings in the table) explain how you would use your readings to reach a conclusion. [7]",
physics,0625_s23_qp_51.pdf,2023,May/Jun,2(d)(i),5,1,Suggest one change to the experiment,Suggest one change to the experiment that you could make to test the statement. [1],continue taking temperatures / continue for a longer time (until close to room temperature) OR use lower / higher starting temperature (of water) 1
physics,0625_s23_qp_52.pdf,2023,May/Jun,2(d),5,2,Suggest two changes to the experiment,A student states that the water cools slowly. Suggest two changes to the experiment that you could make to increase the rate of cooling of the hot water without changing the starting temperature of the hot water. Room temperature remains constant. 1 2 [2],any two from: remove lid thinner lid paint the beaker black stir the water change beaker to container that is a better conductor / named metal increase surface (area of water / beaker) use a wider beaker blow air over water surface / use a fan use a smaller volume of water 2
physics,0625_s23_qp_53.pdf,2023,May/Jun,1(e),4,1,Suggest how he changes the procedure,The determination of MR by this method assumes that the centre of mass of the metre ruler is at the 50.0 cm mark. A student finds that the centre of mass of his metre ruler is at the 48.7 cm mark. Suggest how he changes the procedure in (a)(ii) to allow for this. [1] [Total: 11],b calculated from b = 48.7  p 1
physics,0625_s23_qp_61.pdf,2023,May/Jun,2(d)(i),5,1,Suggest one change to the experiment,Suggest one change to the experiment that you could make to test the statement. [1],continue taking temperatures / continue for a longer time (until close to room temperature) OR use lower / higher starting temperature (of water) 1
physics,0625_s23_qp_62.pdf,2023,May/Jun,2(d),5,2,Suggest two changes to the experiment,A student states that the water cools slowly. Suggest two changes to the experiment that the student makes to increase the rate of cooling of the hot water without changing the starting temperature of the hot water. Room temperature remains constant. 1 2 [2],any two from: remove lid thinner lid paint the beaker black stir the water change beaker to container that is a better conductor / named metal increase surface (area of water / beaker) use a wider beaker blow air over water surface / use a fan use a smaller volume of water 2
physics,0625_s23_qp_63.pdf,2023,May/Jun,14(e)(ii),6,1,Suggest how she changes the procedure,"A student finds that the centre of mass of her metre ruler is at the 48.7 cm mark. Suggest how she changes the procedure in (b)(ii) to allow for this. [1] [Total: 11] 2 A student investigates a circuit containing different combinations of resistors. She uses circuit A, shown in Fig. 2.1. Circuit A is not yet complete. A U 3 Ω P Q Fig. 2.1",
physics,0625_s24_qp_52.pdf,2024,May/Jun,1(a)(iii),4,1,improved to increase the accuracy,Suggest how the procedure can be improved to increase the accuracy of the result. [1],time more than 20 oscillations 1
physics,0625_s24_qp_52.pdf,2024,May/Jun,3(d),12,1,source of inaccuracy,"Suggest one source of inaccuracy in this experiment, even if it is carried out very carefully. [1]",thickness of the light rays / difficulty in aligning incident ray with FE / difficulty of placing crosses accurately / difficult to judge the centre of the ray 1
physics,0625_s24_qp_53.pdf,2024,May/Jun,1(b),2,2,source of inaccuracy / accuracy of these measurements can be improved. You are not required to do this improved,Suggest a possible source of inaccuracy in measuring the dimensions of the block. Describe how the accuracy of these measurements can be improved. You are not required to do this improved investigation. suggestion improvement [2],difficult to measure irregular dimensions / owtte 1 repeat in several places (for each dimension) and take averages 1
physics,0625_s24_qp_62.pdf,2024,May/Jun,1(b),3,1,improved to increase the accuracy,Suggest how the procedure can be improved to increase the accuracy of the result. [1],(time a) greater number of oscillations 1
physics,0625_s24_qp_62.pdf,2024,May/Jun,7(e),11,1,source of inaccuracy,"Suggest one source of inaccuracy in this experiment, even if it is carried out very carefully. [1]",
physics,0625_s24_qp_63.pdf,2024,May/Jun,1(b),2,2,accuracy of VA can be improved. suggestion improvement,Suggest why the value of VA is only an approximation of the volume of the block. Describe how the accuracy of VA can be improved. suggestion improvement [2],difficult to measure irregular dimensions / owtte 1 repeat in several places (for each dimension) and take averages 1
physics,0625_s24_qp_63.pdf,2024,May/Jun,1(f)(ii),6,1,more accurate value. Justify your answer by referring to method 1 and method,Suggest which of ρA and ρ B is likely to be the more accurate value. Justify your answer by referring to method 1 and method 2. [1] [Total: 11],suggestion supported by valid reason e.g.: B as volume is measured directly A as measuring cylinder is less precise 1
physics,0625_s25_qp_52.pdf,2025,May/Jun,1(g),4,1,avoid line‑of‑sight (parallax,It is important to avoid line‑of‑sight (parallax) errors when reading the scale of the measuring cylinder. Describe how such errors are avoided. You may draw a diagram. [1] [Total: 12],read the scale at right angles / at eye level / perpendicularly 1
physics,0625_s25_qp_62.pdf,2025,May/Jun,1(b),4,1,avoid line-of-sight (parallax,"The student: adds more water from the measuring cylinder into the test-tube measures the new height h of the water in the test-tube measures the new reading R of the water remaining in the measuring cylinder calculates the volume of water V in the test-tube repeats the procedure for three more values of h, R and V. The student’s results are shown in Table 1.1. It is important to avoid line-of-sight (parallax) errors when reading the scale of the measuring cylinder. Describe how such errors are avoided. You may draw a diagram. [1]",read (the scale) at right angles / at eye level / perpendicularly 1
physics,0625_s26_qp_51.pdf,2026,May/Jun,2(e),6,2,"more accurate. Give a reason for your answer, comparing the two method","A student does this experiment and obtains values of the lengths l1 and l 2 that are different from each other. The value l1 from 2(b)(ii) is from distance measurements. The value l 2 from 2(d) involves electrical measurements. Suggest which value, l1 or l 2, is more accurate. Give a reason for your answer, comparing the two methods. suggestion reason [2] [Total: 11] Turn over",Suitable reason (that matches suggestion) 1 no mark just for the suggestion (which could be l1 or l2) Example 1: l2 (more accurate) because whole number of turns underestimates / gives inaccurate length owtte (MP1). Electrical measurements are more precise / accurate / reliable OR electrical method uses whole length of the wire (MP2) Example 2: l2 (more accurate) because using a ruler to measure the (rod) diameter is inaccurate owtte (MP1) Electrical measurements are more precise / accurate / reliable (MP2) Example 3: l1 (more accurate) because fewer readings required owtte (MP1) electrical method involves more measurements (MP2) OR other valid reasons ignore poor experimental practice e.g. parallax / human error Sensible comparison with other method 1
physics,0625_s26_qp_61.pdf,2026,May/Jun,5(d),7,2,"more accurate. Give a reason for your answer, comparing the two method","The values of the lengths l1 and l 2 are different from each other. The value l1 from 2(b)(ii) is from distance measurements. The value l 2 from 2(c)(ii) involves electrical measurements. Suggest which value, l1 or l 2, is more accurate. Give a reason for your answer, comparing the two methods. suggestion reason [2] [Total: 11] 3 A student investigates the image produced by a lens. Refer to Figure 3.1. bench screen lens u v illuminated object Figure 3.1 hO Figure 3.2",
physics,0625_w18_qp_51.pdf,2018,Oct/Nov,2(e),4,2,improve the reliability / improve the reliability,"A student states that repeating Method 1 with different masses would improve the reliability of the value obtained for k. Suggest additional values for the mass m that you would use when repeating the experiment to improve the reliability. [2] [Total: 11] 2 In this experiment, you will determine the resistance of a piece of wire. A V power supply sliding contact C wire P l Fig. 2.1",
physics,0625_w18_qp_53.pdf,2018,Oct/Nov,1(b),2,2,source of inaccuracy / more reliable measurement,Suggest a possible source of inaccuracy in measuring the block and describe an improvement to the procedure that will produce more reliable measurements of the block. suggestion improvement [2] forcemeter loop of string modelling clay Fig. 1.2,difficult to measure irregular dimensions / owtte 1 repeat (in several places for each dimension and take averages) 1
physics,0625_w18_qp_53.pdf,2018,Oct/Nov,1(g)(ii),5,1,more accurate value,Suggest which of ρ1 or ρ2 is likely to be the more accurate value for the density of the modelling clay. Justify your answer by referring to the procedure. [1] [Total: 11],1(g)(i): ρ2 within 10% of ρ1 1
physics,0625_w18_qp_61.pdf,2018,Oct/Nov,1(e),4,2,improve the reliability / improve the reliability,A student states that repeating Method 1 with different masses would improve the reliability of the value obtained for k. Suggest additional values for the mass m that you would use when repeating the experiment to improve the reliability. [2] [Total: 11],At least 3 additional values given 1 Values between 50 g and 600 g 1
physics,0625_w18_qp_62.pdf,2018,Oct/Nov,10(d),9,2,improves the reliability / improve the reliability,A student states that repeating the experiment improves the reliability of the value obtained for n. Suggest additional values for the angle of incidence i that you would use when repeating the experiment to improve the reliability. [2],
physics,0625_w18_qp_63.pdf,2018,Oct/Nov,1(b),2,2,source of inaccuracy / more reliable measurement,Suggest a possible source of inaccuracy in measuring the dimensions of the block and describe an improvement to the procedure that will produce more reliable measurements of the block. suggestion improvement [2],difficult to measure irregular dimensions / owtte 1 repeat (in several places for each dimension and take averages) 1
physics,0625_w18_qp_63.pdf,2018,Oct/Nov,1(f)(ii),5,1,more accurate value,Suggest which of ρ1 or ρ2 is likely to be the more accurate value for the density of the modelling clay. Justify your answer by referring to the procedure. [1] [Total: 11],suggestion supported by valid reason e.g. ρ2 as volume is measured directly; ρ1 as measuring cylinder is less precise; string adds to volume displaced. 1
physics,0625_w19_qp_52.pdf,2019,Oct/Nov,2(b)(i),5,1,accuracy. R is directly proportional to l within the limits of experimental accuracy. R decreases,Tick one box to show your conclusion from the results. R is constant within the limits of experimental accuracy. R is directly proportional to l within the limits of experimental accuracy. R decreases as l increases. There is no simple relationship between R and l. [1],"one box ticked, matching results 1"
physics,0625_w19_qp_53.pdf,2019,Oct/Nov,2(e),6,1,more accurate value,Suggest which of Method 1 or Method 2 is likely to give the more accurate value for the focal length. Explain the reason for your choice. suggestion explanation [1] [Total: 11],either method suggested if matching valid explanation e.g. METHOD 1: difficult to measure height of image in method 2 METHOD 1: smaller lengths measured in method 2 / reverse argument METHOD 2: can’t measure u and v to lens accurately in method 1 1
physics,0625_w19_qp_62.pdf,2019,Oct/Nov,2(c)(i),7,1,accuracy. R is directly proportional to l within the limits of experimental accuracy. R decreases,Tick one box to show your conclusion from the results. R is constant within the limits of experimental accuracy. R is directly proportional to l within the limits of experimental accuracy. R decreases as l increases. There is no simple relationship between R and l. [1],2nd box ticked 1
physics,0625_w19_qp_63.pdf,2019,Oct/Nov,13(e),7,1,more accurate value,"Suggest which of Method 1 or Method 2 is likely to give the more accurate value for the focal length. Explain the reason for your choice. suggestion explanation [1] [Total: 11] 3 The class is investigating the behaviour of a spring, and then using the spring to determine the weight of an object. The apparatus is shown in Fig. 3.1. clamp spring load l Fig. 3.1",
physics,0625_w20_qp_53.pdf,2020,Oct/Nov,1(e),4,1,Suggest a change to the apparatus or the procedure,Suggest a change to the apparatus or the procedure to produce a greater difference between xA and xB. [1] [Total: 11],"any suitable suggestion, e.g. thicker / more insulated lid ; higher initial temperature 1"
physics,0625_w20_qp_63.pdf,2020,Oct/Nov,1(f),4,1,Suggest a change to the apparatus or the procedure,Suggest a change to the apparatus or the procedure to produce a greater difference between xA and xB. [1] [Total: 11],"any suitable suggestion, e.g. thicker / more insulated lid ; higher initial temperature 1"
physics,0625_w21_qp_52.pdf,2021,Oct/Nov,1(d),3,2,more accurate value for V1. He uses the method / how the student could obtain a more accurate,Another student wants to obtain a more accurate value for V1. He uses the method of floating the block of wood in water as described in (b). Suggest how the student could obtain a more accurate value by taking a measurement. You are not required to do this part of the experiment. [2] [Total: 11],"(float wood and) mark water level / remove and mark the water level / line 1 measure submerged depth and then multiply by the cross-sectional area 1 OR measure height of block that is not submerged, multiply by cross-sectional area and then subtract from total volume of block. (2) OR use of a measuring cylinder / displacement can (1) measure the volume of water displaced (by the floating block) (1)"
physics,0625_w21_qp_62.pdf,2021,Oct/Nov,1(d),4,2,more accurate value for V1. He uses the method / how the student could obtain a more accurate,Another student wants to obtain a more accurate value for V1. He uses the method of floating the block of wood in water as described in (b). Suggest how the student could obtain a more accurate value by taking a measurement. [2] [Total: 11],(float wood and) mark water level / remove and mark the water level 1 measure submerged depth and multiply by the cross-sectional area 1 OR measure height of block that is not submerged (1) multiply by the cross-sectional area then subtract from total volume of block. (1) OR use of a measuring cylinder / displacement can (1) measure the volume of water displaced (by the floating block) (1)
physics,0625_w22_qp_51.pdf,2022,Oct/Nov,1(d),3,1,more accurate result,Explain briefly why timing 20 oscillations gives a more accurate result for the period T than timing 1 oscillation. [1] [Total: 11],Reaction time error / human error small part of time measured 1
physics,0625_w22_qp_61.pdf,2022,Oct/Nov,1(e),3,1,more accurate result,Explain briefly why timing 20 oscillations gives a more accurate result for the period T than timing 1 oscillation. [1] [Total: 11],Reaction time / human error a smaller part of time measured 1
physics,0625_w23_qp_52.pdf,2023,Oct/Nov,1(e),3,1,more accurate result,Explain why timing 10 oscillations gives a more accurate result for the period T than timing one oscillation. [1] [Total: 11],reduces the effect of (reaction) timing errors/reduces the percentage error / uncertainty / the (reaction time) error is spread over 20 oscillations 1
physics,0625_w23_qp_53.pdf,2023,Oct/Nov,1(a)(iii),2,1,source of inaccuracy,Describe one possible source of inaccuracy in the measurements taken in method 1. You may assume that all measurements are taken carefully and involve good experimental practice. [1] Method 2 sand water measuring cylinder A Fig. 1.3,sand surface not flat / measuring cylinder graduations too large 1
physics,0625_w23_qp_53.pdf,2023,Oct/Nov,3(c)(ii),3,1,more accurate value,"Explain why method 2 would give a more accurate value for the density of the particles in the sample of sand. [1] [Total: 11] 2 In this experiment, you will investigate the cooling of hot water in surroundings with different temperatures. Carry out the following instructions, referring to Fig. 2.1 and Fig. 2.2. lid beaker A beaker B bench thermometer Fig. 2.1",3(c): graph: axes labelled with quantity and unit 1 appropriate scales (plots occupying at least ½ grid) 1 plots all correct to ½ small square and precise plots 1 well-judged line and thin line 1
physics,0625_w23_qp_53.pdf,2023,Oct/Nov,3(f),6,1,Suggest one change to the experiment to reduce this effect. [1] [Total: 11] 3 In this experiment,"During the experiment, the increase in temperature of the water surrounding beaker A affects the results of the investigation. Suggest one change to the experiment to reduce this effect. [1] [Total: 11] 3 In this experiment, you will determine the focal length of a converging lens. Carry out the following instructions, referring to Fig. 3.1. illuminated object u lens lamp screen bench v Fig. 3.1",
physics,0625_w23_qp_62.pdf,2023,Oct/Nov,1(e),3,1,more accurate result,Explain why timing 10 oscillations gives a more accurate result for the period T than timing one oscillation. [1] [Total: 11],reduces the effect of (reaction) timing errors / reduces the percentage error / uncertainty / the (reaction time) error is spread over 20 oscillations 1
physics,0625_w23_qp_63.pdf,2023,Oct/Nov,2(c)(ii),4,1,more accurate value,Explain why method 2 would give a more accurate value for the density of the particles in this sample of sand. [1],large(r) volume of water surrounding beaker A / use of constant temperature water bath 1
physics,0625_w23_qp_63.pdf,2023,Oct/Nov,2(d),4,2,sources of inaccuracy,"Describe two possible sources of inaccuracy in the measurements taken in method 1 or method 2, even if they are carried out carefully. 1 2 [2] [Total: 11] 2 A student investigates the cooling of hot water in surroundings with different temperatures. He uses the apparatus shown in Fig. 2.1. lid beaker A beaker B bench thermometer Fig. 2.1",R = 0.092 OR 0.09 OR 0.0917 1 unit °C/s 1
physics,0625_w23_qp_63.pdf,2023,Oct/Nov,2(f)(ii),7,1,Suggest one change to the experiment,Suggest one change to the experiment to reduce the effect in (f)(i). [1] [Total: 11],large(r) volume of water surrounding beaker A / use of constant temperature water bath 1
physics,0625_w24_qp_51.pdf,2024,Oct/Nov,1(c),2,1,more accurate result,Explain why timing 10 oscillations gives a more accurate result for the period T than timing 1 oscillation. [1],Errors at beginning and / or end of timing less significant 1
physics,0625_w24_qp_51.pdf,2024,Oct/Nov,1(d),3,1,improve accuracy,Describe one technique that you use to improve accuracy when measuring the distance d. You may draw a diagram to help your description. [1],Correct use of set-square or similar aid OR rule close to bob 1
physics,0625_w24_qp_51.pdf,2024,Oct/Nov,1(e),3,1,improve accuracy,Describe one technique that you use to improve accuracy when measuring the time t for 10 oscillations. [1],Counting down OR use of fiducial marker OR counting as pendulum passes vertical 1
physics,0625_w24_qp_53.pdf,2024,Oct/Nov,1(a)(iii),2,1,source of inaccuracy,"Suggest one possible source of inaccuracy in the procedure, even if it is carried out carefully. [1] Table 1.1 beaker A beaker B t / s θ / °C θ / °C 0 30 60 90 120 150 180",source of inaccuracy e.g: 75 cm3 difficult to estimate with large graduations on beakers 1
physics,0625_w24_qp_53.pdf,2024,Oct/Nov,2(f),7,1,Suggest one change to the apparatus,The resistance wire can become very hot during this type of experiment. Suggest one change to the apparatus that prevents this. [1] [Total: 11],suitable improvement e.g: reduce e.m.f. of power supply / thinner resistance wire / use of additional series / protective resistor to reduce current 1
physics,0625_w24_qp_53.pdf,2024,Oct/Nov,4,11,,source of inaccuracy,"A student investigates the speed of a small trolley moving down a sloping ramp. Plan an experiment which will enable him to compare the effect of different angles of slope on the average speed of the trolley between points on the ramp. Average speed can be calculated from the equation: average speed = distance time The apparatus available includes: a long ramp with a support that enables it to be set at different angles of slope a small trolley. You are not required to do the experiment. In your plan: list any additional apparatus needed explain briefly how to do the experiment, including how to take the measurements so that the average speed can be determined suggest a possible source of inaccuracy even if the method is carried out carefully state the key variables to keep constant draw a table, or tables, with column headings, to show how to display the readings (you are not required to enter any readings in the table) explain how to use the readings to reach a conclusion. You may draw a diagram if it helps to explain your plan.","MP1 apparatus: stopwatch and metre ruler and protractor 1 MP2 method: measure independent variable measure distance and time between points repeat for different angle 1 MP3 source of inaccuracy (one from): difficult to time at exact point, ramp surface not regular, trolley might travel at an angle across slope 1 MP4 control variable (one from): distance from start to first point, distance between points 1 MP5 table: columns for independent variable, time and speed, all with units 1 MP6 analysis: compare readings of angle with speed or time plot line graph (with axes specified) 1 MP7 additional point (one from): at least 5 sets of data taken, repeat each measurement and take average, 2nd control variable stated 1"
physics,0625_w24_qp_61.pdf,2024,Oct/Nov,1(d),3,1,more accurate result,Explain why timing 10 oscillations gives a more accurate result for the period T than timing 1 oscillation. [1],(Timing) errors (due to reaction time) less significant / (same) error is spread over a longer time. 1
physics,0625_w24_qp_61.pdf,2024,Oct/Nov,1(e),3,1,improve accuracy,Describe one technique that you use to improve accuracy when measuring the distance d. You may draw a diagram to help your description. [1],Use of set square or similar horizontal aid OR metre rule close to bob / pendulum 1
physics,0625_w24_qp_61.pdf,2024,Oct/Nov,1(f),3,1,improve accuracy,Describe one technique that you use to improve accuracy when measuring the time t for 10 oscillations. [1],Use of fiducial point / counting from when pendulum passes the vertical / start counting from zero. 1
physics,0625_w24_qp_63.pdf,2024,Oct/Nov,1(b),3,1,source of inaccuracy,"The student pours an estimated volume of 75 cm3 of hot water into beaker A. He uses the scale on the beaker as a guide. He puts the thermometer into the water in beaker A and records, in Table 1.1, the temperature θ at time t = 0. He records, in Table 1.1, the temperature of the water in beaker A every 30 s. The student repeats the procedure for beaker B. His readings are shown in Table 1.1. Suggest one possible source of inaccuracy in the procedure, even if it is carried out carefully. [1] Table 1.1 beaker A beaker B t / s θ / °C θ / °C 0 82.5 80.0 30 80.0 75.0 60 78.0 72.0 90 76.5 69.5 120 75.0 67.0 150 74.0 65.0 180 73.0 63.5",source of inaccuracy e.g: 75 cm3 difficult to estimate with large graduations on beakers 1
physics,0625_w24_qp_63.pdf,2024,Oct/Nov,5(g),9,1,Suggest one change to the apparatus,The resistance wire can become very hot during this type of experiment. Suggest one change to the apparatus that prevents this. [1] [Total: 11] 3 A student investigates the refraction of light by a transparent block. He determines a quantity known as the refractive index of the material of the block. The student’s ray-trace sheet is shown full-size in Fig. 3.1. C B D A N E P1 P2 P4 P6 P3 P5 Fig. 3.1,1
physics,0625_w24_qp_63.pdf,2024,Oct/Nov,5(f),12,7,source of inaccuracy,"Suggest one technique to use in this type of experiment to ensure results are accurate. [1] [Total: 11] 4 A student investigates the speed of a small trolley moving down a sloping ramp. Plan an experiment which will enable her to compare the effect of different angles of slope on the average speed of the trolley between points on the ramp. Average speed can be calculated from the equation: average speed = distance time The apparatus available includes: a long ramp with a support that enables it to be set at different angles of slope a small trolley. In your plan: list any additional apparatus needed explain briefly how to do the experiment, including how to take the measurements so that the average speed can be determined suggest a possible source of inaccuracy even if the method is carried out carefully state the key variables to keep constant draw a table, or tables, with column headings, to show how to display the readings (you are not required to enter any readings in the table) explain how to use the readings to reach a conclusion. You may draw a diagram if it helps to explain your plan. [7]",1
physics,0625_w25_qp_52.pdf,2025,Oct/Nov,1(h),4,1,source of inaccuracy,"Suggest one source of inaccuracy in this experiment, even if it is carried out very carefully. [1] [Total: 11] Write your name, centre number and candidate number on your ray-trace sheet. Tie your ray-trace sheet into this Booklet between pages 2 and 3.",reflecting surface of the mirror is at the back / thickness of mirror / small variations in protractor angle have a much larger effect on a and b / thickness of light ray / difficult to locate centre of light ray / experiment not done in a dark room / the ray fades out 1
physics,0625_w25_qp_53.pdf,2025,Oct/Nov,1(b),3,2,source of inaccuracy / accuracy of these measurements can be improved. You are not required to carry out this improved / source of inaccuracy,Suggest a possible source of inaccuracy in measuring the dimensions of Block A. Describe how the accuracy of these measurements can be improved. You are not required to carry out this improved procedure. source of inaccuracy improvement [2],irregular dimensions / owtte repeat in several places (for each dimension) and take averages 1 1
physics,0625_w25_qp_53.pdf,2025,Oct/Nov,1(e),5,1,source of inaccuracy,Suggest one possible source of inaccuracy in Method 2. [1] [Total: 11],suitable source of inaccuracy e.g. graduations on measuring cylinder too large / thread affects volume / cylinder is wide / clay may absorb water 1
physics,0625_w25_qp_62.pdf,2025,Oct/Nov,2(g),4,1,source of inaccuracy,"Suggest one source of inaccuracy in this experiment, even if it is carried out very carefully. [1] [Total: 11] 2 A student investigates an electric circuit to find the resistance of an unknown resistor Z. The student sets up the incomplete circuit shown in Fig. 2.1. There is a gap between the points labelled X and Y. V X Z Y + Fig. 2.1",
physics,0625_w25_qp_63.pdf,2025,Oct/Nov,1(b),3,2,accuracy of VA can be improved. suggestion improvement,Suggest why VA is only an approximate value for the volume of the block. Describe how the accuracy of VA can be improved. suggestion improvement [2],irregular dimensions / owtte repeat in several places (for each dimension) and take averages 2
physics,0625_w25_qp_63.pdf,2025,Oct/Nov,1(f),4,2,source of inaccuracy / source of inaccuracy,Suggest one possible source of inaccuracy in Method 2 and suggest one improvement to reduce its effect. source of inaccuracy improvement [2] [Total: 11],suitable source of inaccuracy e.g. graduations on measuring cylinder too large / thread affects volume / cylinder is wide / clay may absorb water matching improvement e.g. use smaller measuring cylinder / more precise scale / thinner thread / no thread and place carefully / measure volume of thread / narrower cylinder / cover clay with paint or cling film 2
